x1,x2,x3,x4,classe
11.382172,7.36279,11.184214,7.9041896,1
1.5235375,1.7585996,4.7862697,6.9153733,0
10.725087,5.610053,10.640465,10.634612,1
8.798711,7.8492675,6.119261,4.706126,0
10.436835,8.684506,7.716666,12.330704,1
5.2833195,4.7049165,7.488384,5.637552,0
6.3295217,6.101775,6.3466835,6.4879065,0
8.341022,12.349719,8.450396,4.597513,1
6.4987674,9.154906,5.809409,6.558043,0
4.6987147,5.025749,4.8152122,4.2720184,0
5.9878583,7.6769814,6.1636586,5.802221,0
10.175712,10.239477,5.1773663,9.185959,1
5.4622226,3.7869482,11.14672,6.118437,0
8.442067,7.1641955,5.547032,4.0811214,0
8.884327,11.255576,9.2279415,7.4130807,1
7.14822,8.772667,8.712681,8.669839,1
10.387647,11.333056,10.782688,8.591289,1
8.783722,11.224201,10.37058,11.804019,1
6.6109543,9.571607,7.309692,10.106778,1
6.799376,4.697286,4.9427667,7.172728,0
8.838165,2.6591485,9.421202,8.023047,1
5.5574927,5.4463735,6.6148133,7.6314745,0
3.6933353,2.6253114,2.412215,3.289105,0
8.9022875,7.9185414,10.306365,4.465305,0
6.8195257,4.2778244,8.80674,7.3958063,0
9.227423,6.9070687,5.511687,7.9281745,0
5.928348,9.129288,0.7605098,7.643805,0
5.852054,5.8486686,9.945085,3.228024,0
6.670116,6.632312,6.938535,2.9288557,0
6.901207,2.2603674,3.6764324,5.433722,0
10.595701,5.2531176,10.29178,6.8019104,1
6.174094,5.401985,6.1835217,2.0248623,0
7.1046,7.2512617,4.6064563,7.164053,0
8.273737,10.708804,9.682431,12.000549,1
6.3981194,4.7995663,6.139604,5.229373,0
7.199103,11.838911,7.169046,9.252918,1
6.396824,5.293963,8.750226,9.031396,1
8.02459,11.148666,9.9928,13.15013,1
8.606156,8.070838,9.088717,5.508585,1
10.644701,7.3260393,10.103929,8.311804,1
8.045141,10.879505,8.768546,7.127818,0
0.9408798,5.406785,6.482644,3.6979718,0
7.556722,4.897629,4.363602,5.993251,0
8.077661,10.513129,6.21101,11.107783,1
5.6713295,6.4241867,4.013283,3.9682424,0
3.7609076,5.21294,6.3573895,8.458429,0
5.908828,6.486679,5.517528,6.7041106,0
9.792734,9.339496,7.3070045,10.215895,1
4.1562805,3.9920852,6.4145346,6.1386886,0
12.018262,10.211212,10.017217,8.139381,1
8.116849,2.482521,3.633483,1.9215356,0
6.1536436,3.4340155,7.9925337,5.012487,0
6.4181156,8.186051,9.02801,10.127576,1
8.593989,5.9542637,4.0013957,4.9904504,0
6.6976924,3.3218427,7.3812385,10.913406,1
5.8090715,2.4475074,5.8388004,4.333888,0
10.583718,7.8587193,10.704937,6.5416327,1
10.266451,8.22474,5.1300716,8.701277,1
11.660865,8.758825,6.3197503,8.028643,1
9.31031,8.203434,9.235177,9.3028145,1
7.4820585,7.042518,8.45518,11.467448,1
13.357124,9.388667,8.705319,10.927851,1
9.064286,5.5484576,9.044679,12.3870945,1
5.890212,6.5711083,7.042245,7.290431,0
3.7932668,1.6942188,6.7771573,10.985999,0
6.638349,8.680901,2.249655,6.230052,0
6.171786,1.5613992,5.5404005,4.2971873,0
7.2444143,3.7223337,8.078223,5.8484716,0
10.91259,13.649346,8.965988,10.010042,1
7.454916,8.884072,5.972339,10.261751,1
11.739402,6.827891,11.510807,10.891739,1
8.446166,5.482291,6.70501,4.8592973,0
6.8196373,5.5174847,7.3451476,9.799764,0
11.100098,9.649317,9.285981,5.547979,1
8.92682,10.3193,11.1803665,7.503808,1
11.705601,8.066852,7.7426596,3.7637336,1
10.197992,10.706698,8.01162,9.567689,1
6.286129,9.446306,10.103772,10.36046,1
10.042899,11.673938,8.835492,9.612902,1
7.622793,3.7034733,7.637555,9.075864,0
6.745008,11.255818,9.308988,8.326895,1
5.8656435,4.56848,7.3641043,8.974492,0
8.953081,8.760182,4.7488747,6.791607,0
5.934632,6.742819,10.944888,10.745575,1
5.665764,6.2934275,8.413018,4.3661284,0
3.7125475,6.217119,5.93354,5.5837665,0
6.4486794,7.808035,5.4050355,8.623967,0
8.592126,3.7856863,5.268988,5.6974015,0
8.528167,8.18623,7.9304867,9.589943,1
2.937785,7.0285096,7.144115,5.875618,0
12.208678,8.4298115,9.27729,6.8277473,1
13.097417,5.7490153,7.8864427,9.065278,1
3.8378735,7.231871,7.1862025,5.380907,0
6.4839244,2.1734395,2.5501642,4.875425,0
10.629317,2.2654696,7.3725204,2.7745683,0
4.9803867,6.068882,1.0233454,4.683503,0
8.362503,6.9403763,8.753312,9.618094,1
10.148166,4.161231,0.93942493,5.4279914,0
9.746595,8.160096,5.105356,8.562033,0
11.466812,8.984622,8.224249,11.612144,1
2.9656527,7.501158,5.167611,3.7398612,0
6.857633,7.3862114,6.3528833,5.2659445,0
7.815069,9.654144,7.8358774,9.798088,1
7.852355,9.818833,3.202865,7.1259384,0
4.243137,9.3853035,9.730788,8.921676,1
7.838153,5.4194508,6.534785,6.6433954,0
10.915988,10.327091,6.9478383,9.762851,1
8.532205,8.607814,9.81937,7.8060126,1
8.816063,6.836171,8.193424,9.169054,1
6.3200364,7.0035653,8.2347975,8.896998,0
7.069011,7.775311,5.3586645,9.590423,0
8.213236,7.475164,7.479273,8.212777,1
9.608696,5.618192,7.439516,3.413454,0
3.9993374,4.6445103,7.027816,6.3591638,0
4.3064127,2.9703054,5.1069703,7.7127976,0
5.8718443,7.072582,1.6077443,5.675752,0
8.67609,9.876825,7.2320023,9.264995,1
8.433696,4.94992,9.316188,9.066887,1
7.82717,7.7604556,7.182461,12.36905,1
3.222915,2.7994578,3.5654347,6.318925,0
5.7934904,2.7136223,5.648291,9.32294,0
3.8582952,9.822838,3.4390888,6.3789597,0
4.089755,6.847198,10.12505,3.8649342,0
7.9167714,6.103322,6.4581494,8.148636,0
7.800797,6.9024506,8.366987,3.6439183,0
6.587116,3.2868364,6.93286,5.928717,0
7.4749618,11.072606,7.80893,10.801066,1
7.399329,8.002026,12.489723,13.809675,1
7.360432,8.3850155,2.4428248,6.6393037,0
5.8678403,3.5779676,4.6963277,6.094797,0
10.371716,4.6925387,9.893964,7.7228284,1
4.2765937,6.060063,1.6952329,7.752911,0
4.646156,7.2233524,8.061999,7.8625603,0
6.1425076,3.4129848,4.60861,4.163746,0
11.693143,11.887341,9.582758,9.06437,1
5.6342072,8.749753,4.7080717,4.401616,0
6.7373466,5.213322,6.05749,8.556904,0
10.853433,6.8659196,3.244765,4.870452,0
7.1417274,6.73196,8.306457,7.8284144,1
4.8212705,7.699204,6.7140307,4.614181,0
7.443344,3.7418964,4.9509597,6.9787493,0
7.4552593,6.103892,7.46528,5.838567,0
6.0312366,7.8045545,4.184488,9.038568,0
11.732779,7.5245266,10.373136,10.482147,1
7.357894,4.3751955,5.9019413,5.67928,0
10.684595,9.0463915,11.702031,5.974942,1
4.563112,5.573106,6.621815,8.950712,0
6.69342,11.023113,2.3198445,5.9354386,0
6.367669,11.386067,6.6996,3.991891,0
11.756939,9.231649,9.779209,4.559158,1
7.116654,6.152011,7.077512,4.158653,0
10.2706585,8.764666,8.089066,9.489914,1
9.556697,7.981573,7.3072805,7.8301845,1
6.8157578,9.270677,10.988894,10.292012,1
9.024447,6.606669,8.468879,11.740204,1
9.619453,9.951504,10.179278,3.696344,1
8.363683,10.201466,7.187569,9.283959,1
9.530909,6.809963,3.4782321,7.835724,0
11.621212,11.342204,6.4868693,11.578406,1
10.57984,10.939138,9.65371,6.2214026,1
8.171791,6.9493966,5.949946,7.6355324,0
9.159147,10.517649,10.392646,9.5576,1
8.66323,8.347975,9.780732,8.692189,1
6.1547365,4.2774315,9.046248,7.0778203,0
11.116341,9.94102,9.0237255,7.038424,1
14.510435,8.388779,10.461918,7.6986804,1
7.1195807,8.161561,7.6678443,6.91836,0
4.792039,5.5409026,2.7210317,5.215058,0
6.2388024,8.127689,8.484759,8.860733,1
7.7782845,10.008966,5.8739314,6.641081,1
10.325072,7.354288,6.92156,10.635963,1
7.0031185,12.246513,12.98274,9.785827,1
11.332741,10.061952,4.6435776,7.9410663,1
2.8749082,4.9418945,7.5885296,3.4914212,0
10.620054,7.5502777,9.108104,9.251097,1
9.455087,6.8726473,6.076007,6.2400627,0
9.409517,10.531756,5.7682266,9.599296,1
5.659631,5.093544,7.392775,7.91061,0
6.341731,5.6320333,6.036868,6.6951632,0
7.016607,7.7342396,9.378656,9.594488,1
5.0610514,7.08512,5.0731645,5.0685406,0
11.631017,9.420993,8.679161,14.001801,1
7.36769,6.089891,9.603922,7.9051847,1
8.929807,7.2921343,11.580921,9.110398,1
9.800471,9.403306,6.9400554,9.092158,1
8.705721,7.686752,10.747979,9.156878,1
9.795534,4.1042147,4.331354,7.5280595,0
11.237789,11.548857,8.656652,11.19697,1
7.012482,8.894611,7.1362066,3.900689,0
6.355402,3.3293114,6.7603955,7.2211714,0
11.88389,7.9752517,9.111728,8.3807,1
7.28766,9.071132,10.304612,5.73733,1
10.741493,10.897626,9.26138,8.7169485,1
7.749034,4.7004695,3.5935984,3.9159112,0
6.3852606,5.804256,7.73995,10.463911,1
10.112044,7.8174305,5.306854,8.142691,1
7.8816724,8.079387,11.060499,8.239926,1
7.18062,10.519,7.7664495,6.3040085,1
5.9611607,5.3936405,7.599884,2.7673788,0
10.091574,4.656857,8.983773,9.316178,1
8.907477,9.228203,9.123767,7.144893,1
12.180807,7.8617034,7.4057727,9.081849,1
8.956286,10.414463,11.950225,8.613145,1
7.259059,4.3913684,7.790711,4.7368445,0
8.619518,6.0051064,11.726458,8.392748,1
6.216083,12.408204,8.76978,8.308162,1
7.097768,5.4900885,5.7490916,6.655759,0
10.5640545,7.1767654,8.960163,8.50424,1
6.4335513,3.805395,4.8222666,4.325475,0
6.2068763,10.084152,6.554717,5.955442,0
5.0137544,8.887264,3.4869862,7.6264105,0
7.929703,9.231166,3.5313022,4.8150716,0
8.3118725,8.250932,7.0401487,5.085323,1
12.060669,7.4438105,11.34362,11.996195,1
5.744165,4.088919,2.7871075,6.406927,0
8.137089,4.7598257,7.5278726,8.378125,1
5.7212057,7.479306,2.1812878,8.636604,0
1.8317741,9.449393,5.425105,6.574658,0
11.505081,7.4419613,9.544843,9.83493,1
7.5321608,8.453866,5.7996917,5.5926523,0
2.6611896,7.0867205,4.6747527,7.141197,0
6.1648793,3.084897,5.381582,4.495687,0
9.648681,7.934549,10.679328,6.284965,1
8.024734,6.1274924,10.387846,10.433179,1
7.206189,4.298929,10.97038,6.5295506,0
5.0909047,5.5626936,5.8172007,5.838243,0
5.677833,10.006504,4.8731937,8.365299,1
7.8213353,8.082723,10.713405,12.354754,1
8.836211,10.982382,10.49489,9.595753,1
9.453368,7.8768845,7.8938203,10.391727,1
11.780511,12.574693,8.507329,4.3970566,1
8.476566,6.042543,6.6176662,9.404429,0
11.346885,8.45491,8.318803,10.000286,1
5.6839843,5.146238,3.9757912,2.6902866,0
9.693274,3.8598304,2.9489496,4.6161838,0
3.820734,4.430476,5.2589836,3.188866,0
9.172222,7.5061536,10.980332,8.565738,1
4.4149585,5.770527,7.0099745,7.73151,0
10.372707,7.3222146,9.135677,4.9601455,1
7.021584,8.061161,4.684331,7.7090507,0
9.487314,6.8195834,7.0289207,7.0605125,1
8.599295,9.463684,11.29206,7.445257,1
6.5208845,4.922316,3.9828906,2.0747485,0
8.880692,5.5966682,7.3805504,9.375601,1
6.3373094,6.883881,3.819202,8.821865,0
6.742292,4.79203,6.1731796,5.6886454,0
11.924392,9.897271,10.923974,8.525976,1
7.035318,4.5485125,6.3735337,4.489234,0
10.368194,7.1410146,4.8387036,4.7772293,0
9.716689,6.606884,6.0129805,4.7521048,1
7.425424,2.2336996,5.255362,6.874626,0
11.62815,7.102503,11.122513,8.133221,1
9.92945,6.070527,4.600549,6.42796,0
11.130753,8.483909,11.537167,9.982825,1
9.391446,9.794578,6.3133874,8.047061,0
5.5381308,7.3924127,9.697912,8.25313,0
6.734575,9.676368,5.553068,5.3013663,0
10.487304,8.590246,9.062792,12.215157,1
8.654741,10.277354,8.872853,6.098144,1
10.395174,7.3278165,9.61602,6.3943105,1
13.554173,6.530976,6.9360676,8.119482,1
5.113912,5.041014,6.593151,6.9263697,0
6.350423,11.970518,6.7349634,5.3729405,0
6.104517,3.87879,4.5659676,3.4308314,0
8.955128,8.884099,10.176153,10.92469,1
4.7513094,5.6309495,4.7905107,1.5888679,0
8.152481,8.093172,5.408714,8.33982,1
5.411713,10.079529,8.346929,6.65815,1
6.3791633,8.002092,0.5935354,7.3557506,0
9.7153225,9.129012,10.813088,9.144505,1
9.983107,4.3358774,4.8997693,5.7059493,0
3.3057475,4.0567718,8.400827,4.6862116,0
5.742925,2.236302,4.90255,6.18569,0
8.269518,5.6576605,13.071747,9.937956,1
7.7169023,5.530759,6.076476,3.102817,0
13.169426,6.9841766,8.320482,9.463215,1
6.240591,7.0288777,7.4232297,3.7507157,0
9.266863,3.7073092,6.605271,4.4914484,0
6.52804,8.544707,7.4649844,6.5774474,0
2.26692,8.015027,4.63074,7.581251,0
11.1704445,9.07711,8.032682,8.506551,1
6.6441646,5.977816,4.3739715,7.6465597,0
3.8153744,5.367183,8.426195,6.283434,0
8.022227,12.17788,6.5155067,6.7488256,1
5.626208,2.7390535,8.411989,7.554815,0
6.0278587,5.95175,6.3961697,5.7112794,0
7.8763156,9.958722,3.750366,14.09802,1
6.050777,2.1606536,5.9723244,4.6205444,0
5.0645976,6.693008,5.906159,6.9540815,0
5.737486,6.1537037,5.550288,4.699995,0
6.1289487,2.0490668,4.1213293,5.711825,0
5.522104,4.1848726,4.8464575,7.5107822,0
4.910162,6.798272,5.924731,8.206604,0
7.4922757,9.765307,11.249866,5.5144563,1
7.7991996,6.614599,7.6257243,7.259258,0
11.627564,8.969057,7.264049,8.572814,1
7.2720404,8.746935,7.1793513,10.39033,1
11.777329,9.284756,9.762706,11.731053,1
6.567502,4.0242534,4.3062983,8.499238,0
9.900991,8.476483,10.111883,5.190111,1
9.386897,11.61973,8.85131,8.6308975,1
7.78864,8.935915,6.638055,6.6966376,1
4.188535,4.692467,4.808677,8.748877,0
7.3278756,11.848991,8.816588,7.224461,1
7.390805,3.717983,5.7769823,4.390067,0
6.1440735,5.575582,4.0961633,6.154961,0
10.113087,3.738223,6.947264,4.147238,0
13.649398,7.9421062,10.91461,8.787819,1
11.274762,9.798939,9.620946,6.7454724,1
4.965423,8.818695,10.597796,5.274323,0
7.0300136,9.39736,8.841866,7.8417516,1
10.033893,8.556973,8.9553995,7.622229,1
10.493223,9.651155,13.551651,7.295551,1
10.264909,8.051643,7.456456,12.219041,1
7.484191,6.598585,8.603482,9.123022,0
6.677106,4.124149,6.43325,3.9484947,0
7.900848,4.846193,4.203171,6.9838386,0
8.023453,10.266654,9.045261,6.188874,1
11.924509,8.419092,11.145083,11.85752,1
13.882443,9.874253,9.184111,9.95248,1
6.2531943,10.039804,12.737636,9.839411,1
7.9568443,7.0442853,3.7926602,5.3384213,0
4.428021,3.3375342,2.3275893,7.0159826,0
9.346904,8.6809225,3.4008374,7.659465,0
6.193992,7.190314,4.363559,10.184774,0
6.0318866,8.583063,11.413217,5.9456644,1
6.4579926,2.284197,7.206495,6.596317,0
8.018944,4.3101172,3.0019681,5.8163104,0
4.4334936,5.355877,7.6270347,3.5382714,0
6.8996267,7.0554037,8.099493,7.487992,1
9.7715,10.40532,9.481753,7.668613,1
5.871723,6.6575246,6.6427145,6.8438416,0
6.9923983,4.9293666,7.0229993,9.870308,0
11.280136,7.32582,8.882559,9.893073,1
5.47097,1.9922752,7.270836,3.5214832,0
5.0843034,5.6812754,5.2588344,3.3039057,0
9.217562,7.6564593,8.181724,5.074121,0
9.611331,7.537491,7.2046814,7.725025,1
4.540795,6.7228346,3.413717,7.1447806,0
11.378453,10.33449,8.943564,11.728653,1
6.6005497,10.39784,8.180398,10.566717,1
6.9973707,7.155622,7.0907636,10.036438,1
7.715319,5.680123,5.9619675,3.9949412,0
7.6909328,4.900971,9.747067,11.910869,1
4.7865996,6.4225674,8.400158,5.0161953,0
7.90625,7.0261707,7.4501915,7.0323567,0
8.960253,8.78547,11.440566,6.8466415,1
7.00549,1.0134584,4.0686703,9.258333,0
9.161081,3.9698117,4.378285,3.4848442,0
2.914397,4.73449,7.192882,4.731428,0
10.863332,9.790748,8.374645,7.4080224,1
7.350776,6.8823996,7.568974,11.242998,1
7.9080033,7.3027825,5.3694615,7.5179386,0
6.266283,10.185135,3.5912168,7.740231,1
11.986006,8.67974,10.236721,11.911201,1
4.697164,5.0322285,5.3593054,6.848332,0
10.6386595,6.786636,6.384098,5.3817673,0
10.498565,7.8050423,6.008917,8.975403,1
6.8883967,8.202646,6.9330907,8.6924515,0
7.6935415,1.7455451,5.801811,4.7943587,0
8.742908,7.6966496,4.611235,12.198942,1
8.390093,2.9536262,4.8821564,6.7544236,0
3.2084217,7.1826982,4.552019,5.609219,0
7.967767,13.249112,3.4523702,8.64076,1
9.352786,4.1089864,3.693299,8.274629,0
5.46025,4.0424724,5.1114135,6.754601,0
9.436778,11.577727,8.733994,6.3582153,1
6.6116266,6.974711,5.12914,7.901682,1
8.514603,5.21998,8.09041,6.920387,1
7.246606,10.32092,8.229013,4.8572454,1
9.535687,7.35293,7.963495,11.650552,1
6.485764,1.8358026,7.1062984,4.9035993,0
8.474506,5.8082123,7.5219426,10.304661,1
7.239976,9.538362,8.568426,6.644477,1
6.5620184,1.7348088,8.025275,5.6836925,0
4.58084,3.4829903,5.565966,5.383034,0
9.321178,11.724265,8.527102,8.76076,1
7.0033865,10.037586,10.7270565,9.342938,1
4.6496434,5.710963,4.41516,5.384077,0
7.370488,9.352301,6.5003595,8.469525,1
1.6963692,4.561693,5.5777397,4.025641,0
4.028548,7.008093,4.9394846,4.414254,0
9.214115,8.309707,10.375866,7.7740335,1
5.8205285,8.880235,4.6472154,9.601881,0
4.9112344,6.221845,3.6980128,6.751396,0
11.9395685,7.75546,5.319467,11.656332,1
1.0011885,10.581885,3.220855,2.7092025,0
10.123007,8.416733,8.048125,7.185054,0
5.999556,7.442326,11.702146,10.772383,1
6.026004,8.907068,5.4706864,11.440338,0
7.68124,7.093467,5.5221357,5.266351,0
5.4891243,7.609701,9.946291,7.5941772,1
5.8540215,6.8949056,10.988598,9.509462,1
9.447854,5.1069493,6.764145,12.078394,1
7.6886244,8.528578,7.1210737,11.23849,1
4.2378635,4.5755587,8.373469,8.872671,0
11.486812,11.45606,8.330394,5.4121575,1
9.224442,7.7936788,5.462939,4.2176156,0
8.991855,8.91748,10.499491,4.9701977,1
8.66316,10.207292,11.749223,9.719361,1
8.674593,7.257614,9.144306,10.476475,1
11.832824,10.54648,8.684325,9.616584,1
5.9581966,6.234655,8.555329,4.8168573,0
10.988703,10.804543,8.000256,10.086064,1
10.847017,6.898753,10.737545,6.627327,1
8.655917,11.876338,9.330481,9.0250435,1
10.174525,8.588744,9.165665,7.5436563,1
7.871608,6.0119243,11.510292,8.004655,1
2.3366356,3.89738,8.9948635,9.7154045,0
12.068964,11.244748,8.080471,10.0867815,1
7.559576,6.74869,8.917418,6.0509944,1
7.566853,10.619189,10.061789,10.716278,1
8.589432,11.2371,7.9469366,7.952848,1
7.817963,9.88012,5.8637114,9.914426,1
10.780115,7.785477,8.599598,11.798456,1
11.904236,9.028298,7.807177,8.401636,1
12.327466,9.610486,10.174784,11.828375,1
6.829731,6.926577,6.0870295,7.116279,0
9.641995,11.004473,12.120511,5.096794,1
6.993428,5.723471,7.2953773,9.04606,0
10.004999,7.218502,6.146347,9.138675,1
10.414915,10.553864,12.21583,11.706907,1
6.6460757,12.641088,7.867211,10.663234,1
7.0730195,4.203064,6.056362,5.981762,0
7.4530883,12.79747,9.174033,6.927713,1
5.5580716,6.0537715,6.4167657,1.9165303,0
3.9917185,4.464405,5.93063,6.4684296,0
7.8988256,10.019379,7.3712034,12.001686,1
9.928502,10.218271,10.144891,9.794093,1
5.093503,8.904935,6.6534896,6.600949,0
5.988808,7.3374834,3.8165982,5.2258005,0
4.9375715,6.9677534,3.7954156,7.362719,0
9.314256,9.35238,7.6663027,9.395833,1
6.9866357,6.3696723,4.2832847,7.40062,0
5.2804627,3.3479047,5.1730695,6.520561,0
6.8481336,6.078894,3.128181,3.3683684,0
8.235095,5.0480733,7.8593717,6.6417837,1
7.0438833,6.5939693,6.5009856,6.6928964,0
12.50639,8.269694,7.319014,10.374476,1
6.5341005,7.7792616,6.164568,8.13096,0
9.590466,8.523533,8.178963,12.637797,1
6.5110273,9.899654,7.5848956,7.9224195,1
1.056711,4.4062095,7.1541443,5.5939093,0
6.519445,4.1913667,7.277185,2.67696,0
2.9710593,6.6431866,9.509866,6.0368032,0
5.4948635,3.5044336,9.264823,3.1397173,0
10.020315,11.54514,9.252628,8.061738,1
8.9588785,9.578367,6.642153,8.560661,1
10.158693,11.824054,7.7437124,9.197867,1
8.888159,9.675915,10.782607,9.00846,1
11.398599,8.935446,8.82583,12.759749,1
6.6463356,5.704795,5.067927,2.8105938,0
11.045683,8.619107,7.851835,8.437749,1
6.8719506,0.93550783,7.364139,6.2523556,0
9.553163,9.017112,5.8582373,11.711145,1
8.303685,8.850147,8.262761,10.614093,1
10.136547,11.172761,9.666739,4.014379,1
10.036203,7.941598,7.261426,8.978266,1
6.1204605,10.926484,5.6152782,6.6030946,0
11.89764,8.369836,8.5171385,11.933565,1
7.4716263,10.752348,7.5811377,10.289191,1
10.79672,11.249554,7.9748225,10.366425,1
3.7139614,7.6403165,5.8706226,6.145748,0
7.5433974,0.30291477,8.297531,2.5205724,0
6.6857667,6.333743,5.8969755,10.324103,1
7.5011683,9.675532,7.9098253,12.633512,1
5.1653023,6.0577474,9.672556,7.5259414,1
8.378941,3.5447843,7.1948004,7.4023457,0
5.0998693,7.2457,3.8647592,5.715241,0
6.418877,8.713482,11.193094,4.617492,1
12.197076,10.604257,10.724447,6.167546,1
7.42192,6.8885264,5.2780676,8.31866,0
8.951534,11.404902,6.8094587,2.6465924,1
10.521012,5.514105,7.7848625,12.136365,1
4.5316525,6.163991,6.914561,8.911645,0
5.92089,7.3630013,6.056637,6.059512,0
4.508828,9.390806,12.837213,8.293471,1
9.437319,8.107359,8.5987215,9.735021,1
5.1134353,4.2303944,5.654108,9.423417,0
7.8067417,13.195879,7.948738,9.064814,1
6.1768136,8.95506,3.7166219,5.612681,0
9.846891,4.45077,2.621634,5.0574727,0
6.591249,2.9667149,8.953869,3.6644409,0
8.248733,6.390366,9.883326,6.1325397,1
4.5565248,6.3536415,4.90664,5.45669,0
7.1813097,8.217407,7.6409645,7.014548,0
7.5152273,8.768006,12.795774,8.772375,1
5.7931376,3.5218947,10.191687,9.188885,0
9.528509,8.9193325,10.490722,9.187047,1
6.392263,4.1918635,2.9020789,6.515952,0
8.124525,9.363979,9.878972,8.80338,1
5.4819155,5.6073003,5.8567977,5.9255557,0
2.3587935,6.540115,2.1754901,5.862732,0
6.048439,8.824441,5.8407173,6.9047437,0
7.5066833,6.7623167,8.579506,7.3463626,0
7.367139,3.2680886,8.423888,6.522501,0
8.031484,8.908142,8.966864,10.366649,1
8.166749,8.873754,9.791597,9.5271015,1
5.508514,5.4545527,0.60622674,5.8914104,0
11.057538,10.00337,9.496651,9.156236,1
5.2006593,8.743473,6.2333183,10.803457,1
13.29165,5.910128,5.036071,6.0016375,1
5.055822,9.5760565,6.112149,9.889707,1
8.264431,10.4050665,6.3351035,11.342336,1
13.286015,8.060472,9.3175125,11.312014,1
9.424081,2.504727,6.86954,6.9508615,0
5.022301,3.760765,6.2817726,2.4631212,0
5.314902,6.3409276,4.074535,5.586777,0
10.3764105,8.112786,7.2923536,7.7136335,1
10.368901,8.157602,10.952863,6.7357016,1
9.961173,7.254022,8.586031,6.9379497,1
8.444912,11.582548,9.84356,11.620384,1
8.863107,9.057551,8.629805,11.424258,1
7.3749084,13.210595,9.069776,6.248978,1
12.713295,8.0364685,9.648917,5.3922744,1
5.3442106,6.3103814,7.6501966,4.2657394,0
13.222592,7.278869,8.353915,8.265526,1
9.067805,6.6191845,10.851951,8.817848,1
7.67795,7.970123,8.086605,9.677987,1
9.8211,8.537861,11.786363,10.678699,1
9.454991,10.271935,7.355848,6.561431,1
9.367855,5.0822315,8.157362,5.922983,0
9.039199,7.3951397,10.157857,9.920085,1
9.959015,10.457882,7.6152983,7.6819215,1
4.2215185,7.910601,7.752094,8.945341,0
7.457599,5.4520607,7.6279006,7.7655754,1
7.0013313,6.0995474,6.0141263,4.6793575,0
4.4734817,2.390236,2.744915,6.09617,0
4.5631857,7.789849,5.4101005,8.495484,0
7.3483343,12.692792,12.866719,9.513501,1
7.80072,9.823906,10.703182,7.1806393,1
6.8021674,10.374853,8.822911,8.092217,1
10.572812,7.8809075,3.3339393,11.718379,1
4.56286,13.837556,11.990916,8.430749,1
7.4736876,5.437345,6.133981,7.0318785,0
11.868619,9.5695095,5.0734215,9.92165,1
8.928354,7.9937177,6.5612726,9.517241,0
10.951647,9.017715,6.168952,10.955745,1
14.730424,7.196015,14.648441,8.291587,1
4.786993,6.9118085,5.0818195,4.6107993,0
15.0,8.483649,10.020248,7.7012706,1
9.612269,8.537881,6.6162505,12.887057,1
3.496921,8.887529,5.8356977,8.2345915,0
7.6986866,8.3467045,13.004855,8.384857,1
8.142038,10.92954,11.599975,10.92061,1
6.3691173,11.618888,8.446221,7.6565585,1
6.9527154,7.0109406,8.1204195,11.5193205,0
7.7992287,9.279307,9.146673,10.93754,1
7.1001043,4.063311,6.210751,3.331949,0
7.8611007,8.751957,6.87156,8.98031,1
7.3118014,6.3894725,5.9625826,5.222963,0
8.571864,9.758811,10.380945,9.531234,1
4.9671407,5.6070666,5.588281,4.506843,0
4.9204807,4.4433904,6.3916907,4.0432544,0
3.2561977,2.7728772,8.942341,5.5813527,0
11.784078,9.222259,11.6363945,6.28365,1
12.072123,10.195075,7.5773935,9.234248,1
7.5315332,8.716941,12.196644,10.467095,1
6.029628,4.901051,11.521699,10.233328,1
8.313588,4.828415,10.947453,9.597595,1
4.3555593,6.4873743,6.489933,4.9861135,0
9.720737,7.17871,11.54213,7.0398755,1
7.3896565,11.153696,4.660645,6.6116214,1
9.257231,3.239797,2.593235,5.8889046,0
4.954554,8.098019,4.5913124,3.1830773,0
11.568192,4.147216,4.22614,8.008244,1
2.7697363,8.329478,4.530817,4.379495,0
8.8537855,7.418458,11.031875,8.19324,1
7.9516335,7.836909,3.5085652,6.109868,0
12.039904,4.7284,10.519574,7.320945,1
10.237773,12.276719,9.762619,9.623305,1
4.7972646,6.639564,2.8140125,6.8809495,0
7.739714,10.148084,8.780272,8.631826,1
6.85098,8.394494,3.2566526,4.581118,0
5.9572654,4.5055766,1.1515195,7.7680907,0
9.3739805,8.911453,7.5420814,8.621971,1
4.383013,4.9964857,7.8308043,6.657502,0
7.1718082,4.5264597,3.1694655,6.437068,0
8.682924,7.163962,9.184753,5.8707557,1
4.5819583,9.906518,4.9482408,6.3555,0
5.619922,5.285109,5.6392164,8.745697,0
4.653019,6.557988,4.329306,10.290298,0
10.172094,3.970481,5.2770743,6.832892,0
7.7426915,8.444973,6.9273815,8.593078,1
12.409184,6.783775,10.952082,11.798973,1
8.459257,6.22044,11.704079,13.198815,1
4.836436,3.65224,5.6041245,10.135813,0
5.9799175,8.558924,8.612589,10.080576,1
7.56426,4.4182014,4.4402943,8.16397,0
6.4046574,9.263714,4.533934,9.636124,0
6.417727,2.0806599,3.343628,6.3937225,0
5.9629736,5.422683,6.6454372,4.345538,0
7.276102,7.001689,2.3978846,4.9146523,0
13.776744,11.368513,10.445654,9.2235985,1
6.597506,4.496418,5.147285,8.296891,0
6.2860975,7.699224,7.385715,7.1651425,0
7.198657,7.0716,11.160112,10.885577,1
9.740424,10.168629,8.799048,8.885219,1
9.660228,7.3719788,8.268646,10.008541,1
8.364478,9.233157,11.143032,5.986932,1
7.4090133,7.5781136,6.167653,8.820918,0
8.470908,9.73152,5.116864,4.230189,1
7.7901864,9.995577,10.074824,10.284602,1
3.8161323,7.780495,6.3436785,7.1065025,0
8.35923,5.441202,7.1200643,9.953302,1
4.5380874,7.515844,7.3710155,9.697218,0
10.068416,7.5465164,11.081908,6.4694834,1
10.623411,9.6638365,14.870812,6.9441524,1
4.34201,4.8796377,7.4945874,7.2207403,0
8.93215,5.810488,9.841399,7.8441586,1
6.5619836,4.754601,5.5837555,5.013998,0
6.8879385,8.48611,9.6156645,13.136452,1
9.385194,13.78422,4.8012877,10.3664465,1
5.560656,6.7142253,8.955788,4.9634595,0
11.8931265,8.080281,8.14073,6.3977814,1
1.9497148,6.3729086,4.676427,7.704867,0
7.430763,7.4363713,6.8769517,6.039233,0
4.399923,5.872951,8.474876,5.085397,0
5.442233,7.6903157,5.9022055,3.1896203,0
7.076592,8.145015,5.2700944,4.321581,0
6.507479,6.935386,8.171573,6.1959662,0
6.3582435,10.542804,9.00222,5.9111323,1
7.2383084,10.114991,6.0415874,4.543994,0
3.254281,6.70296,2.0435495,6.0938697,0
6.5155053,3.5164788,6.6683526,5.6894817,0
4.564818,6.6636443,6.8062496,10.644133,1
5.0247874,5.1348834,6.788904,5.158031,0
8.623477,11.386226,11.043031,10.83783,1
6.309971,7.2779007,11.754362,11.040073,1
5.3546405,5.498334,8.656388,7.11246,0
11.622335,8.551362,10.71917,9.159603,1
4.6597695,8.343436,3.6476533,6.9751205,0
6.6349063,5.334279,5.813226,4.9413357,0
10.001663,7.2430525,10.484918,7.724825,1
6.9077578,9.946815,9.581895,10.915679,1
3.6412618,6.3445086,7.3430624,9.056063,0
0.72850454,6.006751,6.6556425,7.8485403,0
3.3008475,5.1695724,6.0680547,6.2227454,0
2.9696178,8.733748,9.289935,5.501928,0
8.845496,7.852431,7.930795,8.472261,0
7.560021,7.1518745,6.492988,8.57009,1
9.149019,11.051264,14.284024,10.196198,1
5.648872,7.33731,6.196135,8.591743,0
12.919675,9.901226,9.165545,9.0735655,1
11.589972,10.088441,10.691606,10.028125,1
4.9008856,7.719176,5.2257385,5.909178,0
7.7847075,8.725378,10.915584,9.415207,1
4.216088,10.6895485,8.988879,11.357025,1
9.8023815,5.8786783,4.5831866,2.9725711,0
9.711006,6.4484696,5.307147,2.7768652,0
9.501256,10.617142,8.471289,7.4515924,1
7.2854457,8.658305,6.3930426,7.4180074,0
8.505328,9.666461,11.5983,10.335096,1
7.387246,9.15139,10.37118,8.716702,1
3.8052633,3.0461502,4.5212574,8.383799,0
6.798446,7.294392,5.033627,9.147973,0
8.546115,9.8,13.577581,5.4735265,1
2.9486873,8.525168,4.8962836,11.116399,0
10.267322,7.6036005,12.357349,5.1767187,1
10.27465,12.2326,6.214529,8.930899,1
5.108995,8.906769,9.159144,4.95428,0
5.2343655,5.752542,5.2046404,3.631939,0
8.893786,7.8980365,9.336031,10.890423,1
9.878905,11.535921,8.951202,6.1555405,1
6.8157167,8.492648,8.30967,9.978509,1
7.7662196,5.8443255,5.63904,12.386215,0
8.227775,11.030442,9.215968,14.213718,1
7.3170886,10.020409,5.646106,4.4034057,0
7.9030995,3.957675,6.9469438,5.464718,0
8.502052,9.628259,8.367834,9.628677,1
2.3937206,2.8317282,6.534253,7.01745,0
8.216366,3.9201882,7.225548,3.893169,0
10.511332,8.556224,6.3004537,12.536339,1
3.2413616,4.53814,5.933746,9.589116,0
14.059855,7.012814,6.7591643,7.4902678,1
7.3184915,7.87514,2.7848802,4.4745502,0
6.9579597,6.667324,8.07508,4.979967,0
7.864383,5.5268893,8.27124,3.787413,0
13.108388,9.295642,6.1674623,7.714447,1
8.031652,7.0675073,8.649243,9.983011,1
3.6211762,9.285346,4.1987586,7.276784,0
5.7192497,6.6152253,4.9508657,8.704406,0
10.685028,10.509917,5.1162825,8.992392,1
9.9225445,7.151285,8.098012,9.587899,1
8.170746,7.009652,10.099366,12.60286,1
8.78493,5.499907,6.5773873,6.5206437,0
10.786377,10.283789,6.9406075,8.031966,1
9.7452965,9.332986,12.085473,9.48695,1
6.471229,7.5417304,3.0428276,8.287508,0
3.8753927,6.947185,4.1611514,9.099869,0
10.995264,8.426412,10.51903,8.416483,1
9.382249,6.700585,8.612781,10.489173,1
6.7736173,8.181961,10.024541,8.04742,0
5.2555866,8.177497,9.769173,9.086487,0
4.0566864,3.2407637,4.7465653,7.7247868,0
10.987564,11.7478285,7.2952266,9.950731,1
2.784678,6.369481,10.047213,6.0136,0
11.515238,9.812112,8.530151,7.21297,1
5.7853956,6.895434,2.8582478,3.746465,0
9.0629835,10.380147,11.175421,10.383237,1
7.3578625,5.726009,4.9612074,5.3181844,0
10.656117,11.142161,4.8510275,8.955931,1
7.6463413,6.146636,3.4200783,3.4098425,0
1.9630243,6.2901273,7.5863514,5.7558856,0
6.2670817,5.6950603,7.4162173,7.9134045,0
2.5375974,8.989877,6.082651,6.8860044,0
8.654308,8.128471,9.884634,7.498541,1
7.737195,9.105053,7.4880986,9.720883,1
11.33502,7.5520706,7.7113194,3.5217197,1
5.3162045,10.784135,7.820215,10.397378,1
4.7713537,4.580422,7.957779,3.2565138,0
7.024268,10.446075,9.171026,5.5685835,1
6.8596168,12.438081,7.2073345,9.438604,1
3.7788484,9.50454,7.871357,8.54311,0
5.1740046,4.1466036,5.937122,4.3031425,0
4.852676,4.906282,5.9344935,4.9131503,0
3.7768395,5.928349,4.937091,2.8642812,0
6.6034,6.3510723,2.3124127,4.219364,0
9.998192,5.6154585,8.659228,7.374353,1
14.406055,8.538676,11.206435,11.883884,1
7.014268,6.1095896,10.33254,10.155957,1
8.361281,4.7453732,6.0904455,6.102396,0
4.352129,4.561781,10.099625,6.0013657,0
10.275211,9.51754,11.391063,5.9620605,1
4.562335,7.4900107,5.6106052,5.8716235,0
6.686117,9.645009,6.271788,7.9362445,1
5.229956,6.765978,6.282514,1.738867,0
8.575821,10.084406,8.3242445,9.004463,1
9.991335,12.219837,7.213446,5.633607,0
6.8367963,8.803197,7.3009,2.9938395,0
7.1257615,4.240371,9.974122,4.9380584,0
9.058861,10.033289,7.0373483,6.1903663,1
8.770719,9.528537,8.699766,6.4719877,1
10.944114,8.973391,7.800356,5.882426,1
6.6415715,6.388104,3.4598777,6.5739117,0
5.056136,8.177901,6.12856,3.8445106,0
3.941257,3.2946594,2.9552817,8.225377,0
8.080687,6.8403153,7.772825,9.392482,1
7.0018344,4.0448895,6.1986647,7.5027742,0
11.225268,8.857759,9.171189,8.443254,1
5.9693804,7.158583,6.2391605,4.053862,0
7.3964467,6.7869706,7.7903867,7.270344,0
6.661039,7.5580597,14.559927,6.9240174,1
12.301146,7.7415757,8.935905,9.067049,1
11.239375,9.566107,8.321378,8.917326,1
4.335289,6.942831,4.895554,7.2658634,0
5.006136,5.634862,4.0200844,5.9299846,0
7.513977,4.155669,7.739212,8.711276,0
7.0976315,8.316357,6.9861455,9.095651,1
6.988797,9.720328,7.9247084,10.310807,1
5.438749,12.005468,10.552457,8.032133,1
7.9920955,4.4864097,3.1563787,9.002667,0
7.005543,6.8819256,11.20744,8.231022,1
9.2269125,9.3716755,10.839743,11.037847,1
10.150521,4.6216245,9.471928,6.3958216,0
5.992795,3.6832707,9.006797,7.7547245,0
9.618612,5.563908,4.3047323,4.6958222,0
7.2431436,5.2607794,6.754201,5.9414744,0
9.091127,10.246815,10.40688,13.309857,1
10.026774,6.273071,5.2693567,6.3693604,0
8.201643,8.122742,7.0640125,6.723322,0
10.627962,9.257235,8.548687,11.7780485,1
8.048409,7.347776,7.625972,6.298888,1
7.7232723,6.278121,2.846007,4.394351,0
6.676993,5.169424,7.265564,10.541386,0
4.795576,6.9375486,4.003229,6.603584,0
7.4768243,8.387972,9.290854,7.5925794,1
6.4601417,6.9954863,7.3318486,6.843173,0
8.524385,9.932862,10.041379,6.8409343,1
4.428028,3.2379107,6.6076374,7.4431252,0
7.5770755,8.231086,8.17795,11.043246,1
4.773195,5.3950605,5.223646,6.340832,0
7.3582854,5.395909,5.3411045,7.4637413,0
5.857695,11.163028,9.075084,11.183611,1
3.8156726,7.6695027,7.8275433,2.9085405,0
6.6461587,5.495293,5.4163775,2.8736184,0
1.7286515,12.275497,8.112114,6.446478,0
7.8991084,3.030204,0.89215773,7.86864,0
3.7549105,4.1649942,8.035323,6.5429907,0
4.2870035,6.1953406,3.4710033,2.4137871,0
5.9010725,7.349639,3.754556,6.7648196,0
9.494961,8.980671,10.757928,9.961217,1
8.649411,9.7986355,9.720787,10.008575,1
6.498617,8.090177,6.289776,6.0478063,0
5.6114883,11.013213,7.860602,8.284344,1
6.4655733,4.486472,1.6201566,8.389184,0
7.993141,5.0670094,7.2809596,5.6189938,0
11.640828,7.2511287,10.255213,8.440985,1
7.7383122,7.774582,4.473428,6.0758758,0
7.821776,7.1288075,8.644164,7.1743784,1
7.8172107,12.110397,6.7709355,5.5215898,1
7.6904607,7.978783,9.15983,9.64186,1
10.397906,7.7419243,8.76469,9.030055,1
4.7987227,5.4166126,4.796587,9.704556,0
9.726008,5.557845,8.283193,6.55,1
10.190982,7.8202105,8.7356615,9.144558,1
8.9642105,7.0471997,8.909492,6.5337973,1
4.7129,8.059921,5.330449,5.1927032,0
9.676715,7.014844,9.040834,6.068652,1
6.456903,6.6938314,10.935589,9.797984,1
10.081817,10.752338,7.6633096,8.877849,1
4.5706387,7.0425596,6.6433573,6.3361197,0
11.077212,9.1863165,7.9780216,3.8929007,1
9.972369,5.1012564,4.8992853,10.478361,1
4.2566814,13.084139,9.59056,7.447002,1
9.595373,7.281686,4.857642,7.1451654,0
4.80498,8.84474,9.477799,7.957716,0
0.18602356,5.2503557,3.9229124,2.7374485,0
7.2862964,6.747892,8.487319,7.9239044,1
4.6638193,7.9840846,5.6500807,4.4885097,0
7.3308334,9.882435,4.243354,5.243984,0
5.5731144,8.981452,6.297335,5.325828,0
7.803125,7.0668244,8.863753,9.7279415,1
9.712505,11.523039,7.6656218,7.5340624,1
8.873452,7.680503,10.967705,9.251773,1
9.419068,6.8167496,9.467696,11.070887,1
8.434317,9.042632,7.9966216,5.1367593,0
4.5367365,9.780881,6.0986166,7.537679,0
7.3457227,7.183628,5.2919188,4.8527966,0
11.335484,7.44991,7.2910132,8.193869,1
9.454069,8.351864,10.182884,10.36044,1
6.889821,9.252536,7.03069,7.414953,1
5.249607,5.3645697,8.563288,7.115382,0
10.538063,7.945222,8.989787,9.797527,1
5.2971716,9.126826,4.3631425,9.064735,0
5.002222,9.068059,10.227542,9.750912,1
10.589201,10.947245,7.992861,8.698772,1
9.18901,4.3060775,4.0172153,1.6932198,0
4.4244323,4.7583046,5.6637125,5.055819,0
10.925005,11.33119,8.882335,8.558137,1
6.170636,4.3834686,4.3391113,7.045028,0
7.57187,11.356838,8.4009695,6.528594,1
9.74193,6.779228,4.2634144,7.069258,0
6.8231773,14.121006,12.501852,8.936963,1
7.9960203,0.20748924,10.176749,5.720821,0
12.1175785,5.9390774,12.259284,8.254649,1
5.919684,3.13845,6.256209,4.6378965,0
8.725125,9.281229,12.304113,3.753012,0
6.6040673,10.774159,9.573548,8.705589,1
7.2909684,10.326509,5.3844438,6.4383006,0
8.104077,6.570388,4.5834384,8.538827,1
9.125777,5.452014,5.513232,5.4003234,0
3.972208,6.1713743,4.149151,6.5107675,0
8.608681,2.675016,8.065092,8.25341,0
4.996432,3.255069,6.645949,5.877992,0
10.318902,7.392103,9.614691,8.504496,1
6.3329043,6.9849024,6.578337,10.910601,0
2.4425595,8.992088,7.308731,5.8888307,0
5.249985,11.359977,11.104423,9.194868,1
3.875213,6.856614,5.6257114,7.97146,0
10.745634,10.464162,8.381867,9.809647,1
6.5476413,13.393292,10.534959,8.996572,1
5.2246003,5.1727686,5.0447087,3.4897292,0
3.9575343,7.4167128,6.4876013,4.871843,0
8.032765,10.683561,6.89756,3.9364614,1
5.2164836,4.1551795,9.230751,5.355359,0
0.0,6.367699,9.601023,8.477893,0
12.21124,4.838519,11.411637,7.1264095,1
7.476933,6.3427367,5.7687035,5.397793,0
5.895191,9.408211,8.493783,5.875992,0
4.209307,5.1837983,4.0083694,7.3022723,0
5.068389,5.6983247,5.8521047,5.096681,0
9.546237,7.0035753,8.994428,7.9338193,1
12.5695505,9.0269,8.550294,7.142416,1
5.4116163,11.16629,5.3229628,10.796235,1
9.614807,7.3507757,9.553202,11.390962,1
6.0010557,7.2024136,3.1122904,1.4076381,0
8.537398,7.847161,11.942069,7.6010094,1
5.823436,11.159419,4.392651,9.278234,0
9.39922,11.188359,9.958006,7.277381,1
8.97697,11.061319,11.189597,7.3880167,1
8.63423,5.763863,1.7562902,4.784356,0
5.141511,7.1771064,2.8037512,6.9243455,0
5.8197165,7.6706977,7.194382,10.618529,1
7.1131063,3.329037,6.9720726,2.905392,0
7.7334547,8.806479,11.02168,15.0,1
5.4400134,3.4419386,7.0305886,4.331436,0
7.227036,3.9544148,5.485247,2.6628318,0
6.177315,6.3946314,4.764696,5.367854,0
6.195352,4.4539804,6.0490203,6.9959965,0
12.346728,7.821095,5.835144,10.633674,1
6.097043,4.3381,6.5409136,5.8995237,0
9.345145,6.838038,4.5899763,5.888462,0
7.7425947,3.3080406,6.252759,9.877858,0
14.871316,6.853344,8.142304,9.831674,1
4.545726,5.504963,5.8511333,7.241344,0
4.4543495,5.526363,5.029273,6.1637483,0
8.885918,11.367975,9.68365,8.879925,1
8.568079,10.874955,12.270133,11.623387,1
2.573731,8.707745,5.7709203,8.475633,0
7.4447627,5.2543335,9.453928,5.2007275,0
9.949267,10.415184,11.356505,9.816272,1
7.7896876,10.820837,12.147469,9.913376,1
4.4817348,6.3007874,6.6835117,9.752341,0
7.455615,12.331206,8.249,10.398929,1
6.2037125,9.098041,3.5217857,3.0649495,0
6.5879555,7.2280583,3.2999399,10.089165,1
8.369407,7.1179547,9.492167,7.39544,1
6.3001485,8.089602,6.3054924,7.2024,1
6.3812714,7.8826213,3.9349523,6.795854,0
3.5806105,7.199857,9.0615015,8.437524,0
7.3099513,7.6215973,4.0122747,6.840383,0
7.5820637,4.1812253,8.805589,3.196298,0
9.772765,10.675529,7.6415386,3.171488,1
5.9305763,3.662644,8.2856455,7.503866,0
8.363782,6.9618163,5.5949516,4.943406,0
4.683767,5.392548,3.308258,4.361484,0
8.134452,10.587637,8.405248,8.507234,1
6.145361,5.177014,5.821532,5.9248586,0
4.467896,8.298444,8.54456,10.430986,1
6.8019214,12.59333,7.293009,7.661126,1
10.654231,9.3159485,6.456162,9.422793,1
8.683389,8.632292,7.308654,8.971802,1
5.8141117,5.520996,8.233667,6.3728323,0
6.384447,8.309792,9.088125,5.3284626,1
7.663714,9.386759,6.303646,9.031364,1
5.785939,3.9295154,4.8927016,3.6042442,0
6.9103274,12.567845,12.362985,7.232262,1
5.495246,7.2785416,10.344779,9.333312,1
6.7575126,10.85882,8.735726,7.9525375,1
4.776964,3.1866777,4.1535335,3.2966309,0
5.597017,5.9869576,7.197589,7.336681,0
7.476479,8.400608,12.1517515,8.904402,1
6.1133,7.0593853,5.8590026,6.9730034,0
4.6918488,2.3387341,7.022405,8.747317,0
6.6758685,12.164233,8.201069,9.258375,1
7.467758,6.743875,9.619789,6.452829,1
10.406285,10.066415,9.330808,6.235965,1
9.764867,6.375674,8.20577,8.917056,1
7.681469,6.415605,3.4147494,4.9356627,0
11.212463,9.401398,9.514507,8.311046,1
6.4210386,9.116899,10.825241,9.843434,1
10.011116,9.872472,6.618167,10.357456,1
5.6283083,6.619998,5.886823,8.437942,0
6.6161013,5.216703,6.538254,5.3136153,0
3.5484686,3.0712502,6.4489036,8.094196,0
10.001835,7.0353513,12.2107115,11.447873,1
4.231386,10.490302,9.2683325,9.856684,1
8.501856,5.654212,9.808426,10.431746,1
8.165139,9.6881075,9.696684,7.20434,1
8.2737665,4.9850864,8.223306,8.3887615,1
8.265593,9.575128,6.671899,8.284019,1
6.3385897,4.6440644,7.601171,9.323397,1
6.4675717,2.8882086,6.6617603,7.667058,0
10.200426,10.915864,12.615217,10.012316,1
9.904136,8.288052,9.058381,10.395948,1
7.0111785,8.978227,10.542899,5.191205,0
10.462001,10.07687,10.431468,13.788724,1
3.8697727,5.3895507,4.780976,5.6260576,0
10.291176,9.038762,4.359369,10.56526,1
7.3257627,8.346948,6.362043,3.406336,0
10.63948,8.609055,9.594455,12.334514,1
3.7395926,10.823354,9.032788,7.2042365,0
4.435993,4.4805937,2.4578629,6.9430847,0
4.785291,5.8455577,6.8516874,6.8364115,0
7.5716004,6.850915,4.0660477,5.9045773,0
6.9287395,4.898896,6.6327167,4.2295027,0
11.179073,13.730816,6.12256,8.549475,1
6.059021,6.4744606,7.4482503,9.157928,1
6.1114497,8.188383,2.6150708,9.059101,0
4.0482535,8.107284,4.101202,11.264764,0
6.9482636,9.124662,9.21434,6.8429747,1
11.499421,6.887006,11.150443,11.094553,1
6.57955,10.150802,7.7422495,5.347953,0
9.164884,8.261362,5.8411274,7.3642163,1
6.648114,3.7046173,6.1704187,0.017728059,0
11.895593,10.87728,8.647775,9.165975,1
6.5844812,10.618226,7.300558,8.034032,1
7.8399673,6.6871686,10.700159,9.8353615,1
5.6217594,7.8433003,5.7449017,9.02231,0
3.5557444,7.425997,5.519349,5.2503586,0
5.9471884,6.5603223,4.380793,6.848122,0
4.2650447,9.707541,7.0413995,9.32672,1
10.856181,5.459038,7.843773,8.483983,1
6.3621254,8.606556,7.172332,5.1751723,0
7.1029525,6.6811786,6.7813916,3.3470557,0
6.723272,4.7097607,6.722791,9.076073,0
7.2125077,8.22407,8.647733,3.2009723,1
5.6101832,8.26754,7.1871133,0.11922273,0
5.4006467,5.899591,11.241586,3.776066,0
5.3217554,6.7401223,5.752535,6.9156113,0
5.0961013,4.421323,5.98591,5.568781,0
11.063308,6.182162,9.8897915,10.701439,1
8.016876,6.1745486,7.966306,10.238066,1
9.286853,10.743049,6.4976015,5.934963,1
7.2482395,7.256691,5.9755063,4.205491,0
10.607278,3.0411115,8.518467,8.292882,0
5.105315,10.956916,7.378943,10.713951,1
6.8790026,7.557873,6.915546,9.348985,0
8.389623,11.093823,8.329512,6.3178706,1
11.403863,9.017577,9.115728,8.468815,1
11.080115,6.9622602,8.544458,7.119968,1
9.229558,5.3559437,8.650865,3.18637,0
11.080862,5.0899024,8.262121,9.427618,1
5.1596265,5.436431,3.311099,4.162696,0
5.5428,4.011301,0.87533265,5.6179442,0
4.5693927,7.3591957,4.5392666,6.432917,0
3.624803,6.6196413,7.267554,6.827598,0
7.363906,5.3794665,6.6483326,5.7397137,0
5.7665734,8.541235,8.5027685,10.253227,1
8.450712,8.085563,7.6217766,9.93538,1
4.783547,6.726231,6.62222,2.2207015,0
9.627446,6.0307903,10.216535,11.69187,1
5.034513,4.093343,6.245341,9.249357,0
8.377827,7.416608,6.7028966,8.140301,0
9.101001,4.003292,7.9686446,5.5720224,0
5.070928,6.0377088,8.995262,7.912786,1
7.393909,5.332361,8.34625,6.7392845,0
3.7902744,6.441083,8.435918,4.973607,0
6.510915,9.465736,7.7839875,6.9710407,1
4.214425,7.027229,6.0694275,2.0629916,0
4.8632483,9.17879,8.114821,9.015456,1
6.5535593,11.849256,12.10249,10.764573,1
6.081838,3.995625,7.481649,4.9735727,0
9.594924,9.2789955,8.430326,8.787612,1
5.9213853,5.7310066,6.66772,8.862734,0
4.752462,9.828063,5.618635,6.434866,0
8.475307,6.7595353,4.0639086,5.3793845,0
6.1572704,2.0035987,7.8326554,6.692977,0
12.277921,10.816046,7.5851207,13.419711,1
9.219143,8.167123,9.003954,12.065746,1
11.3619795,9.806549,7.066596,7.4078717,1
9.804536,11.641992,9.216028,7.1867027,1
8.738149,11.256479,7.2483153,7.3884006,1
2.0977962,6.2871757,2.3640416,7.5194244,0
10.726874,8.968874,3.0915022,7.7165456,1
9.477703,5.3575144,9.665114,7.6283035,0
10.224665,7.0428233,6.2368164,5.4035707,1
4.244035,4.346239,5.5470424,6.734731,0
9.0860615,10.373715,4.8693943,13.243262,1
7.384699,8.21686,12.010124,6.839995,1
10.065566,7.3889465,8.569773,12.084554,1
8.608603,11.120179,8.896955,10.006181,1
5.2799215,4.5438457,6.746697,6.6247563,0
4.725226,8.378033,8.841008,4.8585076,0
8.571699,10.674309,8.357682,5.8287487,1
9.33514,11.324519,7.9208174,10.789821,1
5.502618,9.214691,6.98195,7.4697556,0
9.785268,9.907171,5.8355536,9.100455,1
5.7911015,5.6623564,6.1401043,8.323756,0
4.3448195,6.172288,3.855722,0.15729903,0
5.342763,7.2063746,4.911772,5.674414,0
6.8075595,8.864257,9.863263,10.479351,1
9.498902,9.798456,13.984368,8.449758,1
6.8831186,4.003878,9.400919,10.217811,1
5.0475583,7.7487783,6.5251226,6.38718,0
6.87312,7.80787,1.2741351,3.9805386,0
5.068888,7.8257694,5.732154,8.150337,1
6.250449,5.141189,6.244595,7.086596,0
10.820432,8.632944,6.5816026,9.113483,1
7.9556313,1.7887061,8.30718,8.772698,0
4.741473,9.067455,4.928397,2.585284,0
8.859559,3.955444,8.696065,11.120288,1
4.4872985,3.1554925,4.7068543,3.836904,0
6.044932,7.0942383,3.6383743,8.228643,0
5.6294246,5.740359,6.087623,5.705996,0
4.694173,8.938427,7.8761396,6.142191,1
8.092728,12.452453,7.2253413,10.543592,1
7.7390833,12.274165,7.439712,10.470539,1
5.1264944,7.4772897,7.2434735,9.199774,1
6.2797747,7.9922366,3.219556,6.3155227,0
5.775344,5.5580606,7.2283335,7.5150156,0
8.20192,9.916695,3.5409007,6.9933987,0
8.248707,5.3318458,7.129212,3.9606714,0
9.544474,8.885459,10.096134,6.321021,1
6.2018433,5.9594264,9.901925,11.01346,1
8.163533,3.3755617,7.24414,8.6578665,0
8.211052,8.374061,7.2774606,3.7139902,0
7.119202,7.878478,4.927559,9.094987,1
7.927758,10.421046,4.8850164,3.260394,0
7.358242,8.146392,8.482122,8.624281,1
3.2683518,5.702061,7.005569,9.592722,0
6.999728,3.2013876,6.7352986,1.799947,0
8.248225,7.895053,4.4542446,6.8141046,0
9.961489,11.993421,8.010069,8.004855,1
9.653989,7.329751,12.305826,13.155555,1
9.36059,7.3702636,6.047475,12.611149,1
4.52894,8.472186,8.18262,7.218276,0
8.511512,4.2107854,5.626257,5.1205378,0
7.251016,7.770463,4.815288,6.2470956,0
9.006295,11.459981,10.965366,6.1998587,1
11.576152,9.029018,6.5277286,11.508677,1
9.186374,4.9775686,4.0207906,5.748426,0
5.715707,6.677375,8.058915,7.744631,0
9.205834,4.371912,12.346884,9.883493,1
6.0911436,4.6967993,10.287889,7.267838,0
8.796011,7.3151345,10.501745,10.308862,1
6.1198654,6.554754,8.721317,3.3823593,0
8.014888,3.4901547,6.369421,7.875831,0
4.8756638,5.5815563,2.6331236,4.38826,0
7.9062734,6.5742483,4.775125,6.723007,0
7.5295978,12.312416,8.513878,9.004576,1
8.374772,11.179128,7.1592665,6.6515927,0
10.244312,8.064931,2.96126,5.031532,0
10.890623,7.894861,5.2539883,13.0889635,1
8.238473,6.4610696,8.663399,10.198207,1
6.70126,6.9783745,7.269443,8.219399,0
6.7638707,6.860083,8.060567,6.477578,0
2.2584162,5.296973,6.0368366,9.352875,0
9.390154,10.074958,7.8430805,8.845012,1
6.7726464,5.591058,9.510951,9.146039,0
9.499167,8.762908,3.4154747,7.3794155,0
10.563304,4.7647166,2.9299195,2.23998,0
2.6867535,4.9511037,4.529393,7.442959,0
8.570925,1.7978297,7.5974207,7.24837,1
7.9749317,7.396945,8.305627,10.541604,1
2.5483866,4.6448708,8.388219,4.0376687,0
6.5599375,3.749022,10.891504,6.2584424,0
10.048619,3.273652,6.379412,4.676036,0
8.38208,4.7908344,9.276156,5.2277427,1
7.142147,7.9917426,8.854284,12.778558,1
8.298547,4.593647,5.930023,9.541601,0
6.514398,5.5186696,6.0157604,5.348778,0
4.72452,4.938006,4.753719,4.8890457,0
3.9788036,4.969563,9.06039,7.3298545,0
7.6269226,11.326752,11.137585,6.4280005,1
8.742246,7.9818125,9.97072,7.30179,1
8.191686,9.00359,9.2354145,5.6564775,1
6.908941,8.947478,7.750979,10.493961,1
7.7859077,9.659241,5.180627,7.4246445,0
7.748168,7.04349,9.244486,8.162073,1
5.679734,7.34268,6.426393,4.4960613,0
3.6127264,7.8383083,8.001164,4.6587596,0
7.9000316,6.4860096,2.934599,5.6074386,0
5.1310077,5.3816557,6.4442677,5.042503,0
7.926752,6.825562,7.64412,9.793586,0
9.951177,5.5062084,7.922478,8.490106,1
6.771837,7.738138,7.1158795,7.9040084,1
9.214416,8.362308,10.25287,8.840183,1
11.779529,6.309581,6.993122,8.337296,1
11.0968,8.837866,12.489168,10.719667,1
7.3328032,7.640223,7.408059,9.38378,1
6.6244698,8.205354,10.068729,9.182187,1
10.315526,8.860935,6.6260133,11.115628,1
6.4432945,7.209144,6.326863,11.673315,1
4.701445,3.5521195,6.0681667,4.4600534,0
8.177539,5.2473984,6.037638,3.6566913,0
4.907511,6.783608,3.042177,6.3667197,0
5.1755586,7.8269477,7.0752597,6.8563724,0
8.132253,12.44431,7.465865,7.7923236,1
3.0976486,5.975822,3.495213,6.727264,0
6.146394,5.699514,8.383415,5.832564,0
11.213421,4.450758,8.591741,15.0,1
5.032877,4.775666,6.982415,5.2839413,0
2.4479766,8.127882,6.505138,8.769064,0
7.3910756,7.698204,5.412066,5.8568015,0
4.7220764,3.3538203,9.28403,8.019634,0
8.501261,6.673915,8.173153,9.064793,1
4.087127,6.944813,8.968232,6.7112265,0
9.675911,7.8155184,10.9514265,9.001511,1
4.7764616,5.925926,5.1413956,4.615158,0
4.623699,10.504871,7.963531,5.350337,0
6.405846,2.9685118,9.095011,9.591755,0
11.14073,11.543785,8.778375,8.223514,1
9.291673,10.170599,10.029767,10.639851,1
6.890591,8.86554,8.834815,10.539937,1
7.4292197,1.9001174,8.318148,5.3274903,0
10.330112,8.381097,6.425148,8.053972,0
3.9879653,3.5716228,8.316222,7.5833254,0
10.283895,8.459465,9.435436,7.3506994,1
4.053242,8.014267,6.67229,5.5450473,0
7.043384,12.59696,10.10581,7.126816,1
4.9916406,5.8369546,6.695353,5.0255427,0
1.8361412,9.392913,6.4220347,5.806574,0
5.758104,6.839065,4.2250156,5.1250834,0
7.215793,6.373218,5.107133,6.38818,0
7.0445013,5.8041697,10.544869,7.7780743,0
4.790501,13.084355,9.31065,9.796294,1
4.8877625,5.7398796,9.338139,4.114884,0
2.3377101,3.5431123,1.848824,5.827861,0
9.205717,9.298684,6.1778865,10.60631,1
7.655029,9.446542,5.515557,7.9079165,1
10.882363,9.383796,12.896686,11.050219,1
10.638746,9.847779,7.0684347,7.9228525,1
5.8921905,4.0353928,8.243715,10.640081,0
9.025658,9.959654,8.462708,5.3272805,1
8.87322,9.96558,11.167166,8.333078,1
9.279304,9.13005,10.626561,7.312292,1
7.701796,5.7252564,6.7809296,5.7935567,0
7.000481,4.9327993,8.441643,4.2464523,0
6.183505,6.504481,5.767542,6.429426,0
5.6114616,4.488417,8.097414,9.310814,0
8.553931,6.676047,3.5859568,3.8493752,0
2.2605166,5.2229586,6.380848,6.8984375,0
9.293871,7.9557366,15.0,11.720232,1
4.8398933,6.478809,6.99937,6.9440045,0
9.920544,9.389685,6.9606094,9.412724,1
9.060953,7.205494,7.6941,7.900421,1
7.7177715,14.648662,6.362063,9.040213,1
5.4420743,5.4404798,7.580744,6.680103,0
9.878301,10.666359,11.56559,9.156014,1
11.474361,8.491048,8.08395,9.95067,1
8.393143,5.682941,5.9453907,4.133464,0
8.165382,5.0577507,5.8127275,8.651593,0
9.360142,8.454133,7.328622,11.194441,1
8.19041,11.26561,12.194795,10.28938,1
8.890443,7.1551743,9.014726,6.0429063,1
7.2730126,8.937593,9.036034,9.945261,1
8.192939,4.7486453,3.3615055,5.594039,0
6.3597884,8.784004,7.836633,2.8589988,0
5.9607244,7.10498,6.4478283,8.728281,0
9.204969,8.034345,5.437683,4.539064,1
6.4614177,12.072313,8.777362,9.598171,1
9.169037,7.5728307,5.3584795,7.588453,1
11.125315,8.248733,11.702229,11.58549,1
6.5431576,3.446503,3.8378868,8.106306,0
5.5055566,9.189242,5.748912,3.986857,1
7.794751,9.003566,6.8815765,7.999478,1
8.128421,7.317101,8.04432,8.910787,1
6.6854506,6.9135065,7.1395345,6.895417,0
12.824011,11.32812,11.698359,9.048863,1
2.5579672,9.791198,9.068543,5.638259,1
10.21976,8.920147,10.589847,11.69827,1
4.9389977,4.8483634,5.449897,1.3961576,0
8.582664,8.374663,10.715797,10.107139,1
6.2924905,10.468953,4.8457603,8.529452,1
6.0700507,7.66309,7.003811,5.4914303,1
5.512655,9.313646,9.562461,11.979198,1
7.6250515,8.71248,5.85598,8.007066,0
4.8989263,3.5585752,4.98372,5.704439,0
12.431815,8.804949,9.6556225,10.904956,1
11.1946,5.868704,2.9847353,10.142359,1
4.595894,5.3446755,5.2157836,3.0729702,0
3.1039722,1.6023881,6.8800287,4.9958916,0
8.771055,9.295512,7.476351,9.420734,1
10.406984,8.8443575,8.448097,8.276552,1
6.5063305,7.640688,5.932775,6.909482,0
4.5528517,7.963862,8.39804,7.737126,1
6.6890965,10.450162,12.053625,12.805117,1
11.074363,7.1790266,8.511943,9.589438,1
5.5056453,4.6360316,3.99676,5.4377995,0
2.1843848,4.27923,5.172789,9.775375,0
12.158875,7.7764807,11.271895,8.692004,1
5.9248304,8.710191,8.108112,9.226281,1
10.994531,11.36378,8.867102,8.283841,1
8.833821,10.297764,7.831198,13.904739,1
8.901855,9.614393,2.6346827,3.951943,0
5.3738837,5.998583,3.4991846,7.2090306,0
3.5251467,6.2188168,8.657282,6.626369,0
9.082575,11.074318,9.668877,11.956143,1
8.459267,8.945231,12.906215,10.373913,1
6.653855,5.561799,7.658811,1.5777293,0
11.0538645,4.9382625,5.021121,8.088322,0
6.462892,7.2929792,5.5686646,4.254078,0
10.734375,8.005291,10.152903,5.982888,1
13.186396,5.976233,11.318762,10.946203,1
12.565811,8.50532,4.2420077,10.340099,1
5.6464515,2.9027634,5.0176926,5.430249,0
9.106118,10.730579,8.0462475,12.354232,1
7.4539404,7.2585444,10.449183,9.896971,1
10.053073,8.045178,7.700346,9.168337,1
2.8111446,4.80125,6.0104876,6.0939612,0
7.9389143,6.8543887,4.7075453,9.550622,0
11.628453,10.426533,6.9480705,10.214578,1
7.0262117,5.4809065,7.477621,7.230735,0
4.819394,8.659484,8.468791,8.200244,1
0.50499034,5.00054,4.9475045,8.776675,0
8.103895,4.0038786,5.2320576,6.5004005,0
4.35516,8.242062,6.000414,5.9813995,0
6.431226,11.951758,9.982891,8.541838,1
9.894788,7.997532,8.102914,9.47711,1
6.9880605,6.5213475,4.8993897,4.656753,0
11.299344,9.593154,11.535303,9.577456,1
4.5743084,6.2128606,5.4900455,9.007986,0
4.4944134,9.671936,8.454311,10.940351,1
9.900311,8.791283,12.5509815,6.041608,1
4.6618547,8.079809,4.788769,9.6520195,0
12.188355,9.207076,11.862305,8.479927,1
6.4493694,7.8651814,3.1632686,2.4783823,0
9.151153,11.097729,8.941567,10.55023,1
7.378212,9.733628,7.5190196,10.729649,1
9.437928,7.3163567,4.1293755,10.368326,1
7.380288,5.197559,6.448185,6.0251846,0
6.5197654,7.563646,3.5260985,3.3590868,0
10.972753,7.5760536,5.9143934,8.678738,1
7.3294053,4.8941584,8.00365,5.0048585,0
9.794794,7.505089,8.438996,6.1942677,1
13.1156225,6.1231775,7.9696584,8.746963,1
5.509224,4.4925275,4.220971,4.3683796,0
7.173714,10.380911,4.0189276,4.8674045,0
7.8062105,5.651061,8.781953,9.06875,1
6.9641333,6.7374663,6.787595,2.1446548,0
4.7170367,6.863845,7.600819,7.5085826,0
4.1926627,11.784912,10.344586,5.999047,1
10.57037,5.4446383,10.429491,8.532552,1
10.378329,7.6327314,8.452541,8.971459,1
10.666315,7.7395015,10.728497,3.5849123,1
5.9089756,5.1515274,4.860334,6.6590176,0
6.2464094,7.1029706,6.087205,9.390102,0
9.3213,10.324526,6.9217777,12.375096,1
12.967267,9.023761,9.773172,11.7185955,1
5.0877585,6.362853,7.1900587,4.885154,0
6.4637265,8.663482,9.136744,5.5070667,1
11.85461,8.161131,10.512977,5.17188,1
7.677881,4.7654934,4.8833966,3.7996914,0
5.6547456,7.7673197,7.3046455,2.8472157,0
7.642714,8.363525,7.4376874,8.4804,1
9.026899,7.2616234,3.9516263,9.708185,0
6.3505735,3.326549,5.1763535,6.263856,0
9.365989,7.331457,5.564656,9.472285,1
8.857716,3.0517356,4.8281446,6.6582136,0
8.097394,6.964177,7.355669,6.4247894,1
11.6843605,5.1318245,9.046162,10.249807,1
6.3190227,8.360348,9.28862,5.3325887,1
7.5657473,5.1377487,6.816106,7.101595,0
12.737206,9.069615,7.3956013,6.705681,1
7.231542,8.407769,5.7211075,5.0996213,0
6.2270346,7.324261,9.172033,3.524369,0
7.7275524,7.8698792,12.742149,7.2982316,1
5.5319605,6.932717,7.974669,5.848098,0
6.151609,4.6456766,7.9502397,5.7058854,0
9.771421,7.38022,11.838071,9.586704,1
7.4418144,9.406472,8.084734,9.371377,1
8.559964,8.745186,9.205291,8.4044075,1
7.2513347,4.285685,3.858215,6.964945,0
5.1265607,5.867735,10.199444,5.5059485,0
7.2773204,8.116237,6.7352395,6.296179,0
5.069379,5.788103,11.288687,2.9940593,0
9.476342,7.318456,9.441261,8.295824,1
7.7830124,6.9842644,9.507475,5.413847,1
6.208402,5.8748136,4.4920707,5.4386497,0
6.428272,7.9890203,9.417707,9.1164255,1
11.963922,8.433564,7.8688474,8.057368,1
5.1272283,5.7807803,5.823274,5.259978,0
5.360305,6.303516,4.3297143,10.179077,0
6.8172145,5.384383,4.3228283,4.2266383,0
7.149831,8.099596,9.147727,11.387173,1
14.421589,8.872509,7.245032,6.185826,1
10.934357,9.987955,8.275305,10.4836445,1
4.0283923,5.4316897,8.389525,7.7892942,0
4.050637,7.574169,8.317191,4.3586354,0
1.6546609,7.6948433,4.9293437,5.8189335,0
5.474681,5.327226,7.9206095,6.9249673,0
6.336922,8.635195,3.9869149,8.2797575,0
8.063007,7.4824696,11.701705,7.6926417,1
6.933342,9.042012,4.102167,9.494726,0
6.925868,10.330738,7.4077263,7.099873,1
12.274424,6.1372905,6.4288015,5.768307,1
9.649516,10.161136,11.418461,8.951427,1
10.129684,12.271596,8.557915,9.13874,1
7.147489,3.4473913,3.4233847,6.585431,0
6.370351,6.8508897,6.4445796,8.557732,0
4.0953674,4.64601,4.454681,7.6603837,0
6.451523,6.0352263,4.049268,8.607016,0
8.016087,11.656114,7.054471,9.813244,1
5.85716,7.1352577,4.4284453,7.4348173,1
8.411089,11.905511,12.057496,8.837908,1
6.014357,1.8270447,6.320979,10.425062,0
5.7230883,3.5514035,5.5819535,4.2989593,0
4.744532,5.423922,8.837063,1.0243827,0
7.0829253,7.5183105,4.846979,0.81791544,0
6.1383376,8.046892,8.40236,8.283511,1
5.392499,9.662942,9.729123,7.639653,1
8.072175,3.15405,4.0597515,5.2048845,0
4.752014,9.827232,13.2711735,9.564069,1
8.401063,6.2807198,2.0658605,3.7656271,0
7.425652,9.406719,10.363487,10.925006,1
7.0272,4.9345984,3.6601663,0.25547558,0
4.7842493,4.9217544,4.9034624,7.666668,0
3.818067,5.1783714,3.7885907,5.570158,0
6.804778,8.276744,11.871142,5.3431883,1
6.0054846,11.561879,7.6691556,10.443807,1
5.73597,7.1901045,5.385917,8.45031,1
6.8074603,5.9516087,4.1925964,6.6487184,0
8.752993,6.626264,7.3741317,8.933082,0
6.309329,8.437672,10.010674,10.055678,1
5.6664734,6.0104876,9.273195,9.050771,1
9.960521,6.889785,10.645566,7.074698,1
8.981422,9.613962,12.626816,8.314242,1
6.9196124,12.89039,5.3578277,7.8046646,1
4.439602,8.66115,3.6064227,7.7873955,0
7.9942627,11.357732,11.622325,10.72814,1
6.889548,4.3486924,6.298727,6.7282805,0
6.725934,7.3563704,11.605181,9.275324,1
5.0711913,6.924122,7.566781,5.496922,0
8.424188,9.490077,8.460096,5.9130983,1
7.2092915,11.125708,13.675655,7.2784863,1
8.791314,9.786614,7.5238857,9.362502,1
3.042956,4.560312,5.0787225,8.114244,0
10.062052,9.297753,11.363135,13.687308,1
10.479888,12.359495,9.684212,12.834518,1
8.877805,7.5024004,9.833603,11.334242,1
10.595688,5.2813263,9.090983,10.1166725,1
4.3490057,5.3572283,6.825863,4.872551,0
10.289037,10.856491,8.006936,6.693015,1
6.3198557,9.864433,7.6372395,10.935652,1
7.8242874,9.461222,6.733158,9.699847,1
5.6774287,6.8081017,9.772372,6.3491554,0
7.558698,5.921961,5.1641808,1.9483843,0
10.59595,7.8897815,9.02434,8.814251,1
10.4062805,13.9968605,8.543988,6.186045,1
5.3297243,6.6846757,9.108321,7.707952,0
8.436389,8.114737,7.744394,5.3698263,0
9.808273,9.251918,10.43756,5.6819096,0
3.4393911,7.7449145,7.300402,5.801648,0
7.102094,7.1861944,4.2990885,12.3457365,1
8.770395,10.133543,7.685255,8.90207,1
10.601404,13.11969,10.117448,8.687045,1
9.359244,11.690295,9.719478,8.002732,1
6.0424457,12.344532,7.5252404,7.33163,1
2.8867416,7.21202,3.4391413,9.509588,0
5.2417445,5.5928392,4.836638,3.9704866,0
9.514747,7.738307,9.864705,7.565636,1
6.8165054,2.594833,8.058311,6.945195,0
7.692203,9.054626,8.905258,5.8356466,1
4.1269875,4.664441,6.5843854,5.625342,0
13.339873,6.1526346,5.2963147,10.56718,1
10.169048,8.463721,9.333276,11.119901,1
8.780416,7.1156206,6.020705,3.3763275,0
10.509466,9.398848,9.946076,7.7088556,1
4.838953,7.177157,9.339809,6.789343,0
7.087883,13.635274,6.185413,6.4037924,1
6.044775,9.515202,12.784384,7.2325616,1
4.972266,3.881573,5.874642,7.9102845,0
3.187365,5.833789,2.9905593,7.520112,0
11.305296,6.565192,9.935901,6.6594386,1
7.7401357,6.991364,6.300838,6.729922,0
10.902613,10.053796,8.618256,8.603609,1
7.045671,4.8526,5.9512906,10.284541,0
8.211801,4.872105,4.3675656,6.1562862,0
6.8526225,9.162165,8.038704,14.078763,1
8.874721,9.486247,8.411515,11.713167,1
3.9103816,2.0672867,10.112414,3.7935832,0
7.5364146,6.430793,7.016537,13.852475,0
8.213124,5.181605,9.940966,12.944689,1
9.369941,9.905513,12.4146595,7.4583626,1
6.7155747,7.121569,8.166102,8.107604,0
12.237576,9.831654,6.5662065,11.726753,1
7.1640477,12.462339,7.7291803,8.917415,1
3.6488109,4.2098603,7.1944566,4.103304,0
6.687237,2.4739196,6.648168,5.2298355,0
7.764666,5.0958195,5.0599155,6.5317564,0
8.893956,6.3931093,8.063689,3.0288792,0
9.925175,6.0073915,8.022926,8.682952,0
5.6418133,6.7916393,7.3857117,7.469275,0
2.3182516,3.440846,4.750363,6.052182,0
7.631002,5.903823,5.633699,5.2866535,0
8.326327,6.0204663,4.0369825,6.9242067,0
3.892635,3.8643942,7.900615,9.4212265,0
2.0414004,7.4958205,3.854514,6.4784937,0
6.3637323,6.4964414,5.0812783,4.300311,0
6.0368385,6.3210607,9.270381,8.347532,1
4.1291227,8.171965,4.928073,7.6161156,0
5.9488564,6.6916733,10.710403,9.528581,1
7.7196913,11.967488,7.5303783,6.2015433,1
4.419051,6.942937,9.764049,8.69084,0
11.372291,12.080648,7.8936453,8.492097,1
9.524134,5.1008763,8.298301,4.5633044,1
8.39423,11.6922,8.613392,11.943171,1
9.5123415,11.386622,7.456518,8.004076,1
11.744543,9.284089,7.654189,10.325683,1
6.784832,4.982073,5.9488516,2.4618483,0
9.639931,6.1861134,8.1163025,9.221773,1
6.5120597,7.965382,9.330949,8.02874,0
6.09772,6.0811834,4.5960164,4.674198,0
8.249186,8.90234,9.470912,1.6232694,1
9.234426,6.208712,4.2024317,3.3393726,0
10.90817,11.43696,13.404028,8.287816,1
8.066483,6.034031,7.364635,6.7323394,1
10.825231,7.5692086,5.961479,5.4742184,0
12.185928,11.930421,7.216913,9.139408,1
5.7446904,4.8787847,0.14110263,10.105944,0
7.5135775,7.2249374,3.9666338,5.511839,0
3.26337,9.974552,7.8227253,6.211508,0
9.433366,8.3933,8.562267,10.532486,1
7.157098,7.869214,9.486269,8.059593,1
9.299196,9.195654,9.872011,10.687679,1
7.987622,8.640971,10.7884655,7.467355,1
0.6980604,8.183014,8.49217,1.8532195,0
6.460003,10.33768,10.343889,9.768404,1
6.157154,1.7425318,6.916336,4.0405574,0
7.7850556,8.191276,7.627442,6.1346574,1
8.402428,5.1838493,1.9237509,3.9838274,0
3.600605,1.3677123,7.716028,4.3436074,0
4.8487244,6.2440195,11.120169,5.8078804,0
5.9143534,6.1160455,7.6968617,1.5062213,0
8.038332,10.392336,7.964615,8.823817,1
4.009703,5.636994,1.6458699,6.356953,0
5.4618993,9.733493,8.23225,9.404561,1
2.8770134,9.00684,5.33976,5.576666,0
4.9352922,6.3568883,9.042186,6.7378654,1
6.695123,6.1733956,6.711338,6.383155,0
9.274705,14.836348,8.631708,6.7396426,1
8.253263,7.999604,8.6602955,12.273479,1
8.723835,10.182272,8.786057,12.884491,1
5.4611864,7.4350843,9.004714,6.1481895,0
5.0579233,6.4641,3.1038313,3.1850724,0
9.032249,9.2866125,7.9681892,7.1492157,1
5.5535955,8.979727,2.798192,4.343006,0
8.786909,7.421098,6.8586817,6.7592793,0
6.6639605,6.3809996,7.418904,5.1290274,0
5.0523214,5.9710956,7.0925684,6.0128446,0
8.550781,5.6965714,7.0667186,7.678937,0
5.256284,4.543077,6.6390495,9.307235,0
10.046447,6.5593586,4.9653225,3.3353481,1
11.374155,7.0704207,8.170739,7.551395,1
6.9117756,10.330005,4.7129636,7.8556805,0
7.8420963,7.207265,8.102609,9.468518,1
4.320556,4.8012147,1.7522086,4.94849,0
12.398872,8.19641,10.362724,6.6926155,1
9.017568,8.524633,9.153218,7.976473,1
7.1110253,4.1626267,5.1652665,5.40982,0
9.334448,9.046477,7.471244,9.563598,0
8.505685,5.103551,4.6154995,2.0621538,0
6.5665755,5.48219,7.1733875,5.050193,0
7.8665895,7.8003573,7.68573,7.6045623,1
9.818877,8.446656,9.2267885,9.917988,1
10.381822,8.110386,9.278057,8.909754,1
10.037743,9.99161,9.003238,9.829546,1
5.3982806,3.581046,6.7779574,6.5029473,0
7.991404,7.7843523,5.469225,12.481883,1
10.154727,8.7426815,11.813869,8.031763,1
9.294596,7.639012,10.229889,10.019366,1
6.2487316,8.052709,14.886097,10.448982,1
7.280773,7.2188625,4.7803235,11.678653,1
6.5307245,4.8344827,1.1223657,5.7314415,0
5.395639,0.79372585,5.277379,5.8716316,0
8.953898,11.55715,11.165999,6.8472376,1
5.9469576,4.236251,5.6738663,4.510195,0
9.156236,7.9708996,7.7383094,5.088921,0
10.568293,7.2039456,7.46791,8.077466,1
8.24248,13.16532,9.861725,6.4486346,1
8.485895,9.555105,7.1337876,7.006137,1
9.325593,11.990061,6.374063,9.7879505,1
7.9911633,9.406345,2.7239418,2.427249,0
6.851774,6.0382957,4.717026,6.9757447,0
8.641498,8.779989,11.584121,7.5016565,1
7.8271694,4.393642,8.985377,5.4577527,0
7.038693,9.065477,5.78248,6.8034234,0
4.7559304,7.1654754,6.993747,8.139543,0
1.825946,4.830765,5.937882,4.180633,0
9.692235,9.984029,13.12844,9.31619,1
10.910539,8.922514,7.7832985,10.1850605,1
8.479168,5.2075405,8.136759,7.208242,0
4.701254,8.642608,8.839206,4.799153,0
10.893615,9.110006,9.84487,8.067623,1
10.806831,5.8847623,6.4021983,8.101309,0
7.412158,5.5146375,3.9472616,8.460001,0
7.6812873,4.694752,5.107633,2.2209187,0
12.080882,11.510699,7.62865,10.640596,1
4.7882786,9.438756,9.985031,4.4666867,0
10.459639,11.783842,9.043777,9.633904,1
2.0490243,7.5021987,1.869834,6.0569153,0
13.738575,11.790868,9.483604,9.602814,1
3.1947894,9.499153,3.5122736,4.6141896,0
9.731549,6.9476657,3.617393,7.313107,0
5.7313824,7.6216164,7.5869775,2.5029361,0
8.880347,9.987121,9.581794,5.0089364,1
7.780397,8.070498,2.3076243,4.1409783,0
4.9404798,7.026535,6.194155,7.93729,0
12.984074,12.667793,7.264155,10.114275,1
6.800963,6.2621303,5.8451133,3.6094124,0
12.486186,10.615832,5.6371017,5.787326,0
10.418705,9.038917,8.722976,8.15222,1
10.658648,7.7366967,9.582405,8.272854,1
5.025594,5.2961574,4.4600077,3.4077666,0
5.8457966,6.682304,6.5533814,7.6543665,0
4.461715,4.120194,7.65895,5.6123476,0
8.133349,8.338592,8.7643175,7.2974195,0
10.499801,9.558536,7.0981784,9.637042,1
6.82687,9.753592,4.4524217,3.5106907,0
1.8443763,5.3594046,9.2867565,6.721296,0
10.744307,9.648073,10.648206,8.671701,1
7.2204323,6.313946,4.8269377,6.448433,0
5.314625,5.257118,3.1849766,4.4443665,0
7.397657,6.841946,6.984038,4.9479303,0
10.422821,15.0,10.616073,7.303869,1
10.86487,8.1698,10.4014015,14.629309,1
9.098657,10.444894,8.269439,13.775935,1
6.1127915,8.034181,8.83457,9.486183,1
8.949012,8.565682,9.11674,7.792282,1
5.6229897,6.7599053,10.341823,10.207581,1
12.451387,9.243689,10.506835,9.199653,1
3.9743378,6.6284947,4.183952,3.1753926,0
7.1462555,2.428267,5.2807407,6.602215,0
12.496274,11.080124,7.5204577,6.3307786,1
5.5550504,10.093724,4.650132,5.193848,0
8.042767,10.176886,2.8280334,2.2401512,0
14.443825,10.688911,11.203476,9.983987,1
9.410151,5.753235,12.776874,8.671516,1
4.321565,5.381575,6.662527,7.9510903,0
10.0415125,8.344387,6.147964,9.787746,1
4.5150313,5.0293884,8.461749,9.3700285,0
8.527413,4.3073683,7.086959,6.399621,0
8.419117,9.88829,10.631509,10.2049465,1
9.560091,3.6508658,5.498049,8.645017,1
10.928311,8.389111,5.541634,12.905835,1
8.773039,9.443117,11.469503,6.9360895,1
7.550311,7.10608,6.468049,5.5029426,0
9.685853,11.486938,7.4412494,7.696223,1
10.745648,7.0676866,8.841223,8.399068,1
12.529828,14.584417,9.182336,10.576408,1
7.2648153,7.945109,7.24362,2.8595505,0
6.752819,4.195897,4.260674,8.25087,0
3.3595335,9.662917,8.35888,5.061649,0
2.0597923,7.785195,3.577656,7.4615283,0
6.0249987,11.736806,2.6628015,8.117457,0
10.102035,7.5330358,8.398348,5.7453766,1
4.33609,4.7234344,4.369249,3.86753,0
9.908315,4.988507,3.8821847,8.963326,0
8.931297,5.5484476,6.1350565,3.1505036,0
5.9528956,5.6512914,6.450616,5.2609463,0
11.377193,12.698725,10.686211,11.325677,1
8.38547,3.4842637,7.4627604,7.1808443,0
9.663296,6.905685,12.422057,10.047921,1
6.328275,10.448273,11.581517,14.1758175,1
4.9940505,6.526974,6.588448,5.531184,0
5.5787935,8.2138195,5.8640237,6.0150757,1
14.2757635,9.603746,8.227355,4.5894113,1
9.279929,7.484255,6.1508675,2.7960684,0
5.5394745,11.667771,13.99483,9.092012,1
9.050422,5.9137635,9.328589,13.3924465,1
7.094195,5.595615,5.5646377,8.197554,0
7.4182363,9.068016,6.2699566,10.402989,1
8.252101,5.8972125,2.4539351,8.523843,0
8.175042,7.522605,5.7459903,13.04518,1
7.153114,6.6225004,12.157762,8.23915,0
8.130344,8.905233,4.1673584,4.3261585,0
8.369468,9.5361,10.430348,8.897762,1
8.083449,7.1670885,5.7409654,7.1597147,0
3.6419203,8.375359,5.0707655,6.4023194,0
10.532777,8.17221,9.921595,5.9553313,1
8.082247,6.9648304,10.720366,10.62052,1
7.082443,6.2949824,5.8328233,9.825997,1
14.420663,10.039742,9.420016,10.230328,1
8.566954,7.1215167,11.665103,10.857864,1
6.4193187,5.0167274,7.6142454,4.0529075,0
6.491678,7.8899665,6.1952615,13.182189,1
7.0111427,9.499096,6.633888,8.494473,1
4.400119,2.1839957,5.2138944,8.003263,0
10.7973385,9.075393,10.319063,12.533024,1
5.8251295,7.096639,7.899189,5.88117,0
9.989411,9.7668705,8.181383,11.011849,1
8.848257,5.630665,9.381833,8.927339,1
5.119911,6.2614813,8.882546,3.1282756,0
4.408886,6.848788,8.559037,1.5663623,0
4.146139,5.8809495,0.0,3.9512248,0
5.6538563,6.031158,3.8074498,3.1198983,0
2.8868363,5.1437697,9.001519,7.7004433,0
8.157287,10.242694,10.896286,8.388091,1
8.633399,8.960411,8.035373,11.197967,1
8.749651,10.693764,8.769551,8.230114,1
8.346654,9.249504,12.0308895,9.763469,1
12.278513,5.1544566,10.154144,8.643953,1
5.737055,7.6520944,5.1264715,2.7868457,0
12.078284,12.144796,8.435748,11.461406,1
8.207755,6.9503355,5.9951925,4.821457,0
7.2634783,9.195626,11.207867,8.487438,1
4.648584,6.068305,3.825508,3.8283498,0
12.384693,9.288653,3.593304,9.678712,1
4.020744,7.881542,4.035025,5.5507336,0
6.2558417,11.359884,10.463796,11.509037,1
2.0125287,6.748113,8.455338,3.580718,0
9.3028145,8.414629,7.763679,10.797024,1
9.189055,12.612178,14.333811,9.194311,1
5.06535,8.95751,9.587075,9.498836,1
4.072482,4.085698,6.687576,5.902695,0
7.3869576,5.215975,8.119873,7.234012,0
11.19214,9.850642,5.9101253,7.92139,1
7.9704347,9.487061,8.879192,11.255561,1
4.232285,6.3074503,6.1164174,3.7140594,0
5.8067527,5.168066,4.108508,7.216492,0
5.538267,8.906522,3.3227885,7.385837,0
6.768131,5.9346104,1.8651158,5.8217597,0
9.472447,7.121689,8.231225,8.588466,1
5.404873,8.751413,5.6998887,6.251153,0
6.135711,7.7055473,6.9694657,4.3072867,0
7.794132,8.54975,7.303044,3.7246287,0
7.281086,6.246156,5.773744,3.4015672,0
9.522376,5.9993725,3.6362517,6.8989477,0
3.61215,6.2858863,9.46503,10.462601,0
5.7874866,9.789916,11.145859,7.293201,1
10.970799,5.8283086,9.352968,9.902452,1
9.985768,10.667207,7.7977467,11.331833,1
8.623595,8.792827,8.572249,10.940633,1
10.140842,8.337137,7.9626665,10.706403,1
4.746066,9.624897,7.415504,4.8750663,0
7.3558517,5.024177,10.314616,4.78857,0
11.454548,6.579679,9.877158,6.259947,1
7.720947,4.833845,5.6657567,6.56516,0
7.693074,8.226916,7.7289176,9.416645,1
9.418941,7.030932,8.9880905,10.568006,1
7.287303,7.7767324,11.237265,9.026087,1
6.321148,6.006092,6.8738766,8.381292,0
8.917503,13.318242,9.18263,8.239088,1
6.3197126,3.9446497,8.531416,4.26765,0
6.4281874,3.5085225,6.3463616,6.7706347,0
6.873477,6.8085895,8.471564,3.8578928,0
5.440379,4.0709243,7.011931,4.5434556,0
11.233362,9.46419,9.9977665,8.315702,1
6.1993027,4.9930487,2.898673,6.137126,0
8.920211,6.1915207,8.73164,10.038717,1
10.219052,5.8892527,9.4016905,9.201582,1
7.480654,10.327292,11.119131,7.889439,1
7.94689,6.355305,9.81813,10.333256,1
8.556801,6.1180367,10.917633,11.255373,1
5.725103,7.9057493,9.224557,8.629828,0
8.549013,9.591023,7.882408,8.375856,1
8.113473,8.42285,8.770881,9.168189,1
12.097279,9.640433,11.44259,9.267917,1
5.973006,3.8845782,7.6450896,3.5583127,0
10.061366,7.6731277,9.07515,8.370618,1
7.111209,6.1791615,5.6053233,5.6974535,0
7.3409615,3.8562856,2.8924825,7.6357794,0
4.610574,5.181435,4.951823,6.30471,0
3.906178,7.0733056,8.371408,7.4379067,0
11.35437,9.273494,4.3915763,8.277982,1
9.446562,6.6032157,11.168397,9.420606,1
3.2662425,5.5504694,3.659774,2.396039,0
10.545695,10.566319,9.670109,10.129579,1
6.8031816,7.761754,5.9869494,6.991419,1
6.3387218,3.172571,5.777548,4.192185,0
9.386813,9.119384,9.212366,7.7243824,1
12.342695,7.1972485,10.011471,8.826598,1
6.204389,11.405153,9.359829,10.675661,1
5.7001185,3.1336963,4.950675,6.98731,0
11.17981,7.857632,9.087658,10.911606,1
3.6912746,2.4963424,5.2201524,6.316107,0
10.994119,11.2547,6.7403,7.3523264,1
5.3026958,5.3014846,5.35673,10.153496,0
9.782418,10.163564,8.967554,11.313667,1
6.226541,3.123444,7.838458,4.663712,0
4.9647775,6.447576,5.967154,8.376786,0
6.3598456,8.522495,11.571164,8.885878,1
9.720452,10.082643,6.998741,7.289809,1
11.870174,8.305395,11.906551,8.843538,1
7.012821,9.271849,9.168934,6.861491,1
8.874212,8.104245,10.316286,8.209433,1
7.7737746,5.1584764,0.7915723,6.3978963,0
11.9357,8.939474,14.197646,5.5518765,1
11.279111,8.225276,6.802759,11.841008,1
8.644808,10.311785,10.927814,8.959803,1
9.546021,4.85072,8.816087,9.03205,1
6.7442107,6.7783184,5.893759,8.447138,0
11.781944,6.288059,8.60843,6.915457,1
5.2751184,3.7606602,3.4106371,8.321653,0
3.0069416,4.699952,5.833124,3.1007097,0
9.355402,4.8928237,7.137966,9.256793,0
7.0696344,8.457961,4.7253847,6.9167733,0
6.6993003,2.8703945,6.1906886,5.4731035,0
8.042483,9.718951,13.698152,7.567913,1
5.8110824,6.83922,4.272234,8.558929,0
4.070589,9.256937,5.4312305,9.181164,0
7.29692,9.012547,5.936929,11.300535,1
4.7744226,5.224597,6.5717306,6.6689134,0
6.873291,11.043249,6.8880205,6.8998904,1
9.271719,8.89499,8.710243,9.0860815,1
3.1692586,5.1587095,5.314571,4.3954453,0
7.796111,7.733537,7.2987733,7.9179864,1
5.4876404,5.517005,5.8764715,6.958883,0
7.3587465,3.702412,7.332625,6.925183,0
6.6215353,11.107971,10.144012,7.5905433,1
9.68332,8.45737,6.5668383,6.75694,1
6.064008,4.493164,6.9199443,4.6445694,0
2.2127707,6.4265876,6.002411,4.365823,0
10.181489,8.5597725,9.127298,8.256442,1
10.713475,9.796097,9.78916,8.148489,1
7.3898096,9.376951,7.686621,8.479382,1
3.2978513,3.3550842,6.9637322,7.0945296,0
5.482408,9.197294,7.121839,5.4090395,0
3.3657362,7.552056,3.995566,4.4951296,0
9.22107,7.7473693,9.988128,3.2907467,1
6.9264126,3.2657244,7.696348,3.5349534,0
4.1508718,2.8048017,5.3459654,5.5730863,0
9.738033,9.248571,10.872112,10.553873,1
5.507875,4.3135066,10.341886,5.648228,0
6.982859,7.1395206,6.3909636,5.8023095,0
6.9831023,4.828204,6.055926,6.2523303,1
8.094635,8.33918,5.5412183,5.913046,0
5.7643986,9.761556,7.365184,9.642583,1
6.4011383,8.297275,3.9683564,6.1233597,0
9.869882,8.212027,10.075537,9.612779,1
9.1023035,6.2313495,8.358594,6.135037,0
4.432469,4.618918,4.1676164,4.3363557,0
7.8307805,4.9009194,5.766468,4.728884,0
13.37019,7.6265693,12.24777,9.766336,1
6.114026,6.5371847,9.056937,7.0156717,0
7.6606717,4.2878323,6.1431327,5.044685,0
9.479255,10.466108,5.2144756,9.622982,1
2.2468946,7.239423,4.729275,3.6206667,0
14.1439905,4.501135,10.217471,7.885739,1
6.282852,6.8405275,4.956403,8.797439,1
6.4592757,11.309387,13.734829,8.244471,1
5.0416517,5.628682,3.7873302,3.6075869,0
6.856633,6.154313,4.812377,5.6687374,0
10.930654,10.408672,12.70408,8.164434,1
10.009164,10.253077,6.5208755,5.994259,1
3.766951,8.471623,5.688204,4.903425,0
2.6902251,4.0799074,5.754582,6.1867447,0
9.628889,8.2820835,10.459546,7.1379967,1
4.5641623,5.538951,8.35945,6.388215,0
6.078998,11.382522,10.350274,5.5679336,1
13.763427,10.654472,11.31968,7.9880676,1
6.3887687,5.2936673,6.6769676,5.4091973,0
6.892329,9.855629,5.5961957,7.877324,1
6.907017,4.035412,6.1179686,6.893745,0
5.94497,9.544503,9.322518,5.0858073,0
8.68595,6.579678,12.1828,10.753428,1
8.545788,8.716485,9.271127,10.457037,1
9.175947,8.119451,7.9420033,6.8485265,1
6.0076823,7.1635756,11.645489,8.661755,1
5.0953875,1.1522413,2.8321943,7.520829,0
10.03055,8.581289,5.2056093,3.7954605,0
10.3864355,4.9446454,7.2279196,8.334841,1
8.809776,8.333924,8.379218,5.904397,1
10.249543,8.662678,9.840735,3.55421,0
7.7178373,10.318109,11.053789,10.199155,1
5.962178,3.7385397,9.7767515,8.810351,1
6.2187896,7.4515333,6.9620185,6.447768,0
8.216247,6.9644713,6.945193,8.253464,1
11.736158,9.251802,10.702249,11.447712,1
5.9488916,8.345458,7.0872,5.2587714,0
12.18534,9.038688,6.622073,8.90024,1
7.8517985,10.072827,11.067762,8.18508,1
6.3945847,6.6226172,9.399915,8.143086,0
7.8115783,7.767713,6.9196024,10.397632,1
7.290752,8.737263,4.070153,7.3721027,0
5.6543965,7.5438404,6.882614,4.5336876,0
4.856508,6.665215,7.866256,5.5545588,0
7.366658,5.5813723,8.145956,10.727745,0
7.5464516,7.2447653,9.665439,6.333704,1
11.020549,8.911277,11.756935,7.6569757,1
10.809924,8.548387,11.872859,7.5921674,1
8.650704,11.720336,8.620613,10.699169,1
7.3954563,7.9907327,7.3937783,7.5362854,1
7.843603,6.965376,6.840189,7.2137012,0
8.001722,11.394336,7.384817,8.553055,1
4.8889065,6.408778,3.595701,5.2086387,0
7.198819,6.7344303,9.700741,7.311352,1
5.7347326,4.0509415,8.214161,5.759238,0
4.754701,6.389215,4.515059,3.359955,0
6.3821983,6.092873,3.2802877,7.492507,0
9.374283,7.7632794,5.9840546,8.959888,0
6.652266,3.497773,7.848054,5.6301956,0
3.0664296,4.9971957,7.950625,7.031256,0
9.434416,8.070465,6.6455474,9.93708,1
7.189509,7.706831,7.517857,6.5623827,0
10.891776,11.1472435,7.738309,8.404266,1
6.228455,6.3006034,5.2727757,5.886109,0
11.058881,8.32621,7.3071313,10.851344,1
11.360256,11.288586,6.2242627,10.52772,1
5.699359,5.3466077,3.9148445,3.6555326,0
10.778308,6.756498,7.466272,9.136145,1
5.7319655,6.0293765,4.4302034,7.296561,0
9.131048,5.8684993,4.8896008,9.762314,0
5.5316935,5.531726,9.158425,7.5348697,0
7.450074,11.736189,12.933834,8.921712,1
4.586215,7.7111115,9.298962,8.141221,0
6.696005,9.218166,9.77194,6.64671,1
7.508116,7.676917,10.506839,7.7709227,1
11.292055,3.3249872,8.96678,8.7883625,1
10.121496,9.510682,5.502072,7.943142,0
11.353066,7.832556,6.8285046,9.059592,1
6.636036,10.991947,7.6034765,9.248351,1
7.141226,7.9363694,5.3373833,4.7755265,0
3.777084,6.4930096,6.9964433,8.280298,0
5.3284307,9.338043,5.4808173,2.993714,0
4.3509717,4.7828207,4.9420447,3.8868847,0
3.9255078,5.619323,4.2487636,3.2344005,0
6.0242767,6.7496276,9.7776375,6.652253,1
11.014315,10.03599,9.052409,8.392871,1
12.30662,10.246175,9.479715,9.97262,1
3.5994072,5.3309975,5.0501094,4.6933417,0
9.97461,11.14386,7.2414346,9.69719,1
7.363783,9.693415,7.167856,5.281416,0
9.404767,5.886098,9.079428,6.1542463,1
10.815925,9.24696,8.751429,8.577231,1
9.283192,9.950518,11.341323,5.6895504,1
8.4854,11.164225,8.741932,7.2966757,1
6.5349193,7.6310167,9.914649,13.196443,1
6.211789,7.168826,9.952881,2.8715167,0
5.1906505,11.888824,6.54464,7.817444,1
8.099106,4.9295297,8.6347885,6.3951993,0
7.7750077,7.521693,6.120172,6.776624,0
11.243723,8.626642,10.458127,9.702331,1
8.147264,3.9469695,6.265939,4.599758,0
8.324369,7.7451587,11.457713,9.922156,1
8.335564,6.5088415,6.675205,5.176246,0
2.9642525,5.2859416,7.7807665,7.15041,0
11.058826,10.593404,9.030366,7.050387,1
7.489002,8.796026,11.893888,7.6783314,1
2.8376186,7.7900767,5.033878,6.2935863,0
3.391061,7.339345,6.7331963,4.12024,0
12.378378,12.339846,11.447898,8.604759,1
9.063519,9.151347,8.135409,11.545429,1
12.800537,11.046113,12.287083,9.782256,1
6.1519103,7.485365,6.964498,3.5246751,0
10.762294,9.002651,9.790842,7.084862,1
8.92684,5.5243907,9.036095,11.42135,1
6.793631,10.641107,9.368618,8.159945,1
11.076025,10.528426,12.455928,8.061307,1
10.783726,6.7734103,7.6859293,10.989117,1
8.631935,4.024356,8.5564375,10.938739,1
6.864526,6.9400883,4.5847483,4.575652,0
9.819272,9.713945,9.162557,8.924213,1
6.065594,4.4830093,5.5391984,4.1515336,0
6.713322,9.174948,9.466085,7.5638704,1
6.6156034,2.5796633,3.3036292,7.4865284,0
8.400523,5.073677,5.177147,8.307801,0
6.520824,10.215681,11.202661,10.43268,1
7.6653333,4.516168,9.410912,7.4487867,1
5.523779,6.0920057,4.190771,8.345513,0
8.237021,6.359013,9.674964,8.473385,1
3.4256728,3.2057636,4.8328013,8.076757,0
10.465658,6.4515357,11.096965,9.97555,1
8.533822,4.584661,6.887639,7.5492682,0
3.608234,6.8892055,8.393263,4.780434,0
10.385538,11.211666,10.722873,9.502633,1
7.6524196,10.915074,3.574775,8.701089,1
6.888721,8.292628,6.5351377,10.904924,1
8.49901,3.3344452,5.301121,4.4548626,0
7.7446413,6.366684,10.379606,4.3834033,0
8.143364,8.97907,6.7316575,11.058361,1
6.45492,8.614285,2.7850335,6.369268,0
5.5530744,7.428001,6.946475,5.854342,0
7.762815,7.4422708,4.167452,8.710886,0
9.912499,2.910687,11.04327,11.872736,1
4.6399508,6.4645076,6.586145,4.571297,0
8.884185,7.5297666,8.628151,5.8012104,1
4.871505,6.3691025,9.08422,10.012186,0
4.2791734,5.230889,8.012586,4.846216,0
9.490229,10.4535885,7.743701,11.572764,1
6.4815063,11.203366,7.131019,2.4784744,0
5.8028235,6.037699,7.416429,6.466432,0
9.985973,8.884965,11.150687,9.421337,1
3.829699,4.349179,11.898189,8.489359,0
7.3251886,4.786222,6.152084,9.357059,1
7.14356,11.486856,9.710676,5.3814645,1
2.9317718,8.555354,6.664628,4.503027,0
1.6933142,8.194305,5.042325,4.2744484,0
9.83752,9.441167,6.4580965,8.242841,1
9.823132,7.1171937,11.241934,10.61115,1
7.8954773,6.8057127,13.583822,12.734924,1
4.1452937,6.476738,7.950395,7.002188,0
8.88314,10.652806,6.8679357,8.896915,1
9.214889,9.774743,9.646371,11.567634,1
5.8596687,2.6780782,6.8592362,6.415375,0
11.454069,5.8387923,11.48913,13.462997,1
11.504567,9.322599,10.288247,9.163978,1
2.9613078,0.3356888,5.0976825,7.103482,0
6.450528,7.3854456,3.461339,9.405029,0
5.361892,4.4079485,8.152015,6.0426235,0
6.5922403,6.5221105,6.0102267,5.5308256,0
8.228655,9.869005,9.480412,11.506266,1
9.615354,6.8089614,7.238492,12.59745,1
9.233661,6.428818,10.760132,6.132388,1
9.179678,7.1481423,8.79919,3.3157444,0
9.302806,9.596904,7.434803,10.414064,1
7.6508327,7.6270194,8.610957,6.0420074,0
8.152802,6.268765,7.0517564,10.406856,1
10.014041,8.885209,6.209103,7.584178,1
9.668654,8.420037,7.322999,7.5150266,1
10.184659,9.198627,8.219183,10.032289,1
4.566355,2.2669268,5.8346386,5.756505,0
11.11345,10.933614,10.438337,12.639544,1
6.0285463,4.092121,5.1859274,7.372637,0
9.258736,4.2385216,5.3406363,10.231934,1
11.382181,8.706293,4.560444,6.200637,1
8.753727,10.20516,8.1087,13.107637,1
8.340398,6.268593,6.159196,7.1081157,0
7.098093,10.391864,7.9667716,6.9534936,1
7.6949434,7.7776456,7.944012,11.706139,1
7.876568,4.967911,6.1922417,5.0754495,0
8.2002,7.5096645,8.790065,10.225581,1
1.5762762,9.066868,3.1520858,5.4666953,0
4.3779984,3.771907,6.517322,6.4254794,0
6.6617026,8.902003,7.758834,3.8452477,0
5.4229026,4.4324927,9.469873,4.2864556,0
10.418822,8.718893,7.737518,10.198901,1
5.3839316,7.559321,8.620618,8.791368,0
6.515101,5.851108,2.1624575,5.9469724,0
10.266067,2.0958245,5.6964297,7.1766343,0
5.099974,8.514298,4.92933,6.716907,0
3.2446613,4.12435,7.0300703,7.0275717,0
9.067438,9.537188,6.7703557,11.393822,1
3.8997185,7.5149903,8.741073,7.3904057,0
7.0300956,13.705463,7.141781,8.2711315,0
8.975913,6.758465,8.885205,8.898398,1
2.6140864,5.803321,4.0228176,3.7928214,0
8.046897,6.390821,7.21281,5.71724,1
8.33845,7.979678,9.298912,10.5415,1
7.902899,5.266986,2.5922568,4.151068,0
9.396787,8.981635,7.964485,9.435605,1
9.581929,7.985983,7.972199,6.602097,1
10.617839,7.8310895,7.5012846,8.556927,1
6.041773,6.461402,3.4796705,4.7672772,0
6.39005,4.4834356,3.7387693,7.2454224,0
5.200202,6.5385895,5.910214,6.365002,0
8.678881,7.8894277,9.855926,12.44615,1
5.2614455,6.286777,2.4475296,6.8173056,0
5.7786694,4.2067156,7.6839676,5.2615857,0
6.2910423,4.7717547,6.2819653,9.177254,0
5.52806,7.4883714,6.843092,6.5336366,0
9.558167,9.583127,5.6186566,7.0430007,1
8.865445,6.850678,7.4352922,10.70633,1
8.874703,9.48248,9.16901,10.595989,1
7.6713843,3.7405863,7.0596085,8.883138,0
10.441994,7.9096274,14.85454,7.01129,1
6.5270433,11.548881,8.809318,12.460644,1
6.758306,8.460444,4.8060513,1.2193912,0
